étudiant·e;projet;mention
bl/.vSDYCGrSs;gaJy31VwBA4IY;bien
bl/.vSDYCGrSs;gae.ZZuu4G/9c;bien
bl/.vSDYCGrSs;ga5JTmKLpYzns;bien
bl/.vSDYCGrSs;gaqImark5nVDA;bien
bl/.vSDYCGrSs;gaDsxXn93fXM.;bien
bl/.vSDYCGrSs;gatfjwrAzu3Fk;bien
bl/.vSDYCGrSs;gaHWwyaX3DFbU;bien
bl/.vSDYCGrSs;ga6FZoRfjLkLA;bien
bl/.vSDYCGrSs;gasXITehXbKB2;bien
bl/.vSDYCGrSs;gagAlqup/OJzY;bien
bl/.vSDYCGrSs;gaJnYJWP7eDWM;bien
bl/.vSDYCGrSs;ga5Go./f4ADBQ;bien
bl/.vSDYCGrSs;gaEJonk1WE4qU;bien
bl/.vSDYCGrSs;gawIG8K0tl6Dg;bien
bl/.vSDYCGrSs;gaBb8wAnm8uDo;bien
bl/.vSDYCGrSs;gaPs4sTL7qV36;bien
bl/.vSDYCGrSs;gar6jfri/CX9Q;trèsbien
bl/.vSDYCGrSs;gaA5j/.mtXhMI;trèsbien
bl/.vSDYCGrSs;gavTOkC.twsSQ;trèsbien
bl/.vSDYCGrSs;ga7TsHlSu8F3E;trèsbien
bl/.vSDYCGrSs;gahs//jVoG4cA;trèsbien
bl/.vSDYCGrSs;gaS287CQsId9A;trèsbien
bl/.vSDYCGrSs;gas6sO.iWXEqI;trèsbien
bl/.vSDYCGrSs;gas6sO.iWXEqI;trèsbien
bl/.vSDYCGrSs;galS2UFjy/C6s;trèsbien
bl/.vSDYCGrSs;ga7emFYum9yS2;trèsbien
bl/.vSDYCGrSs;gaC6WQ.f7kKQc;trèsbien
bl/.vSDYCGrSs;gazuii0BJkiyo;trèsbien
bl/.vSDYCGrSs;gaMyQ2f79mRhE;trèsbien
bl/.vSDYCGrSs;ga2tObQKD38MQ;trèsbien
bl/.vSDYCGrSs;gadWf2MSlDtE6;trèsbien
bl/.vSDYCGrSs;gaZgJ/tt77Xc.;trèsbien
bl/.vSDYCGrSs;gaa9XQsW7lnKs;trèsbien
bl/.vSDYCGrSs;gaw2dFU/DFhQo;trèsbien
bl/.vSDYCGrSs;gaMuBC24u6.OI;trèsbien
bl/1NiMubceBs;gaMyQ2f79mRhE;bien
bl/1NiMubceBs;gas6sO.iWXEqI;trèsbien
bl/1NiMubceBs;gaw2dFU/DFhQo;trèsbien
bl/1NiMubceBs;ga2tObQKD38MQ;trèsbien
bl/1NiMubceBs;galS2UFjy/C6s;jamais
bl/1NiMubceBs;gaxRM/r6FWnFA;bien
bl/1NiMubceBs;gawAIBKObOA9Q;bien
bl/dvgMTLVSvk;gaiROloyAFXx.;jamais
bl/dvgMTLVSvk;ga5EltwHBOBQU;jamais
bl/dvgMTLVSvk;gaHsTozEurw6o;jamais
bl/dvgMTLVSvk;ga7TsHlSu8F3E;jamais
bl/dvgMTLVSvk;ga9lgn1/7AQnA;jamais
bl/dvgMTLVSvk;ga/mLSm4ai/6g;jamais
bl/dvgMTLVSvk;gaS287CQsId9A;jamais
bl/dvgMTLVSvk;gahs//jVoG4cA;jamais
bl/dvgMTLVSvk;gae.ZZuu4G/9c;jamais
bl/dvgMTLVSvk;gapanlqrP.sGw;jamais
bl/dvgMTLVSvk;gasXITehXbKB2;jamais
bl/dvgMTLVSvk;gah.mK60Bw7Uc;jamais
bl/dvgMTLVSvk;gagAlqup/OJzY;jamais
bl/dvgMTLVSvk;gaJR.ASLjhozA;jamais
bl/dvgMTLVSvk;galS2UFjy/C6s;jamais
bl/dvgMTLVSvk;gatfjwrAzu3Fk;jamais
bl/dvgMTLVSvk;gakS1t04rwavk;jamais
bl/dvgMTLVSvk;gaBb8wAnm8uDo;jamais
bl/dvgMTLVSvk;ga04b5zeP48qY;jamais
bl/dvgMTLVSvk;ga5Go./f4ADBQ;jamais
bl/dvgMTLVSvk;gawAIBKObOA9Q;jamais
bl/dvgMTLVSvk;gaeXK.Q3eGe9s;jamais
bl/dvgMTLVSvk;gaKDoA9vbfogg;jamais
bl/dvgMTLVSvk;gaJnYJWP7eDWM;jamais
bl/dvgMTLVSvk;gaHWwyaX3DFbU;jamais
bl/dvgMTLVSvk;gatgLz1yg7ZAg;jamais
bl/dvgMTLVSvk;gaxRM/r6FWnFA;jamais
bl/dvgMTLVSvk;ga9.IDu6EOW8.;jamais
bl/dvgMTLVSvk;ga.vTZVmBFaC.;jamais
bl/dvgMTLVSvk;gaOI39qNl2RCY;jamais
bl/dvgMTLVSvk;gaqImark5nVDA;jamais
bl/dvgMTLVSvk;gaDQkeyfbTL06;jamais
bl/dvgMTLVSvk;gaEJonk1WE4qU;jamais
bl/dvgMTLVSvk;gaYguZ2lOwGz2;jamais
bl/dvgMTLVSvk;gapSBAAD6KAGM;jamais
bl/dvgMTLVSvk;gaDjbE9eBtA1k;jamais
bl/dvgMTLVSvk;ga1ohIKbe4v9Y;jamais
bl/dvgMTLVSvk;gagPvY7s.SWm6;jamais
bl/dvgMTLVSvk;ga6FZoRfjLkLA;jamais
bl/dvgMTLVSvk;gaJy31VwBA4IY;jamais
bl/dvgMTLVSvk;gaEDNoqjupmBw;trèsbien
bl/dvgMTLVSvk;gaJ6.YOe.5N3U;trèsbien
bl/dvgMTLVSvk;gahkvMCZIKolA;trèsbien
bl/dvgMTLVSvk;gaa9XQsW7lnKs;bien
bl/dvgMTLVSvk;gaZgJ/tt77Xc.;bien
bl/dvgMTLVSvk;gahkvMCZIKolA;bien
bl/dvgMTLVSvk;gar6jfri/CX9Q;bien
bl/dvgMTLVSvk;gaPs4sTL7qV36;jamais
bl/dvgMTLVSvk;gaDsxXn93fXM.;jamais
bl/dvgMTLVSvk;ga7emFYum9yS2;jamais
bl/dvgMTLVSvk;gaC6WQ.f7kKQc;jamais
bl/dvgMTLVSvk;gaC6WQ.f7kKQc;jamais
bl/dvgMTLVSvk;ga5JTmKLpYzns;jamais
bl/dvgMTLVSvk;gadWf2MSlDtE6;jamais
bl/dvgMTLVSvk;gawIG8K0tl6Dg;jamais
bl/dvgMTLVSvk;gas6sO.iWXEqI;jamais
bl/dvgMTLVSvk;gas6sO.iWXEqI;jamais
bl/dvgMTLVSvk;ga9Mk0z3gDgsw;jamais
bl/dvgMTLVSvk;gaMuBC24u6.OI;jamais
bl/dvgMTLVSvk;gaw2dFU/DFhQo;jamais
bl/dvgMTLVSvk;gazuii0BJkiyo;jamais
bl/dvgMTLVSvk;ga5Vc0GOVtSNg;jamais
bl/dvgMTLVSvk;ga5Vc0GOVtSNg;jamais
bl/dvgMTLVSvk;gaIaf9hDfd9gY;jamais
bl/dvgMTLVSvk;gakkn4qyveMMg;jamais
bl/dvgMTLVSvk;gaBL2hT6mXM7M;jamais
bl/dvgMTLVSvk;gahiBM5NWYYWc;jamais
bl/dvgMTLVSvk;gaoCAatnUOVBo;jamais
bl/dvgMTLVSvk;gay0.j6cCUFM.;jamais
bl1NWhKcNADF2;gaoCAatnUOVBo;trèsbien
bl1NWhKcNADF2;gapSBAAD6KAGM;jamais
bl1NWhKcNADF2;gaJ6.YOe.5N3U;jamais
bl1NWhKcNADF2;gaEDNoqjupmBw;jamais
bl1NWhKcNADF2;gaPs4sTL7qV36;bien
bl1NWhKcNADF2;gasXITehXbKB2;jamais
bl1NWhKcNADF2;ga9Mk0z3gDgsw;jamais
bl1NWhKcNADF2;ga9.IDu6EOW8.;jamais
bl1NWhKcNADF2;gaBb8wAnm8uDo;trèsbien
bl1NWhKcNADF2;gafR8A1Cs4Fy2;trèsbien
bl1NWhKcNADF2;gabMkDvkMzVEU;trèsbien
bl1NWhKcNADF2;gaPCImsLz2otk;trèsbien
bl1ao5B7htJfQ;gar6jfri/CX9Q;jamais
bl1ao5B7htJfQ;gafR8A1Cs4Fy2;jamais
bl1ao5B7htJfQ;gaPs4sTL7qV36;jamais
bl1ao5B7htJfQ;gaBb8wAnm8uDo;jamais
bl1ao5B7htJfQ;gawIG8K0tl6Dg;jamais
bl1ao5B7htJfQ;gaEJonk1WE4qU;jamais
bl1ao5B7htJfQ;gakkn4qyveMMg;jamais
bl1ao5B7htJfQ;gakS1t04rwavk;jamais
bl1ao5B7htJfQ;gaBL2hT6mXM7M;jamais
bl1ao5B7htJfQ;gaOI39qNl2RCY;jamais
bl1ao5B7htJfQ;gaxvvLjHn0mEE;jamais
bl1ao5B7htJfQ;ga04b5zeP48qY;jamais
bl1ao5B7htJfQ;ga5Go./f4ADBQ;jamais
bl1ao5B7htJfQ;gaJnYJWP7eDWM;jamais
bl1ao5B7htJfQ;gasXITehXbKB2;jamais
bl1ao5B7htJfQ;gapanlqrP.sGw;jamais
bl1ao5B7htJfQ;gaeXK.Q3eGe9s;jamais
bl1ao5B7htJfQ;gah.mK60Bw7Uc;jamais
bl1ao5B7htJfQ;ga9.IDu6EOW8.;jamais
bl1ao5B7htJfQ;ga6FZoRfjLkLA;jamais
bl1ao5B7htJfQ;gaDsxXn93fXM.;jamais
bl1ao5B7htJfQ;gaxRM/r6FWnFA;jamais
bl1ao5B7htJfQ;gaqImark5nVDA;jamais
bl1ao5B7htJfQ;ga5JTmKLpYzns;jamais
bl1ao5B7htJfQ;gaDQkeyfbTL06;jamais
bl1ao5B7htJfQ;gaJy31VwBA4IY;jamais
bl1ao5B7htJfQ;gaEDNoqjupmBw;jamais
bl1ao5B7htJfQ;gaJ6.YOe.5N3U;jamais
bl1ao5B7htJfQ;gapSBAAD6KAGM;jamais
bl1ao5B7htJfQ;gahiBM5NWYYWc;jamais
bl1ao5B7htJfQ;gaDjbE9eBtA1k;jamais
bl1ao5B7htJfQ;ga2tObQKD38MQ;jamais
bl1ao5B7htJfQ;gaA5j/.mtXhMI;jamais
bl1ao5B7htJfQ;ga2f3zAu/j5w6;jamais
bl1ao5B7htJfQ;gaF3OM0gfNDHM;jamais
bl1ao5B7htJfQ;gaW1hkl16kxoI;jamais
bl1ao5B7htJfQ;gabMkDvkMzVEU;jamais
bl1ao5B7htJfQ;gaoCAatnUOVBo;jamais
bl1ao5B7htJfQ;gahkvMCZIKolA;jamais
bl1ao5B7htJfQ;gahkvMCZIKolA;jamais
bl1ao5B7htJfQ;gaPqBcWWrIKsw;jamais
bl1ao5B7htJfQ;ga7TsHlSu8F3E;jamais
bl1ao5B7htJfQ;gay0.j6cCUFM.;jamais
bl1ao5B7htJfQ;gagPvY7s.SWm6;trèsbien
bl1ao5B7htJfQ;gadWf2MSlDtE6;trèsbien
bl1ao5B7htJfQ;gaS287CQsId9A;trèsbien
bl1ao5B7htJfQ;gae.ZZuu4G/9c;trèsbien
bl1ao5B7htJfQ;gawAIBKObOA9Q;trèsbien
bl1ao5B7htJfQ;gaHWwyaX3DFbU;trèsbien
bl1ao5B7htJfQ;gaZgJ/tt77Xc.;bien
bl1ao5B7htJfQ;gaMyQ2f79mRhE;bien
bl1ao5B7htJfQ;gazuii0BJkiyo;bien
bl1ao5B7htJfQ;ga5Vc0GOVtSNg;bien
bl1ao5B7htJfQ;ga5Vc0GOVtSNg;bien
bl1ao5B7htJfQ;gas6sO.iWXEqI;bien
bl1ao5B7htJfQ;gagAlqup/OJzY;bien
bl1ao5B7htJfQ;gatfjwrAzu3Fk;bien
bl1ao5B7htJfQ;galS2UFjy/C6s;jamais
bl1ao5B7htJfQ;gaC6WQ.f7kKQc;jamais
bl1ao5B7htJfQ;gaPCImsLz2otk;jamais
bl1ao5B7htJfQ;gaMuBC24u6.OI;jamais
bl1ao5B7htJfQ;gaw2dFU/DFhQo;jamais
bl1ao5B7htJfQ;gaIaf9hDfd9gY;jamais
bl1ao5B7htJfQ;gaa9XQsW7lnKs;jamais
bl1ao5B7htJfQ;gas6sO.iWXEqI;jamais
bl1ao5B7htJfQ;gatgLz1yg7ZAg;jamais
bl1ao5B7htJfQ;gaJR.ASLjhozA;jamais
bl1ao5B7htJfQ;ga5EltwHBOBQU;jamais
bl1ao5B7htJfQ;ga9lgn1/7AQnA;jamais
bl1ao5B7htJfQ;gaiROloyAFXx.;jamais
bl1ao5B7htJfQ;gahs//jVoG4cA;jamais
bl1ao5B7htJfQ;gaHsTozEurw6o;jamais
bl1u./AF8TEp6;ga2f3zAu/j5w6;jamais
bl1u./AF8TEp6;gadWf2MSlDtE6;trèsbien
bl1u./AF8TEp6;gagPvY7s.SWm6;trèsbien
bl1u./AF8TEp6;ga7emFYum9yS2;trèsbien
bl1u./AF8TEp6;galS2UFjy/C6s;trèsbien
bl1u./AF8TEp6;gas6sO.iWXEqI;trèsbien
bl1u./AF8TEp6;gatgLz1yg7ZAg;trèsbien
bl1u./AF8TEp6;gavTOkC.twsSQ;trèsbien
bl1u./AF8TEp6;ga2tObQKD38MQ;trèsbien
bl1u./AF8TEp6;gafR8A1Cs4Fy2;trèsbien
bl1u./AF8TEp6;gaPs4sTL7qV36;trèsbien
bl1u./AF8TEp6;gah.mK60Bw7Uc;trèsbien
bl1u./AF8TEp6;gaDsxXn93fXM.;trèsbien
bl1u./AF8TEp6;gaMyQ2f79mRhE;trèsbien
bl1u./AF8TEp6;gae.ZZuu4G/9c;trèsbien
bl1u./AF8TEp6;gaJ6.YOe.5N3U;trèsbien
bl1u./AF8TEp6;gaMuBC24u6.OI;bien
bl1u./AF8TEp6;gaw2dFU/DFhQo;bien
bl1u./AF8TEp6;ga5Vc0GOVtSNg;bien
bl1u./AF8TEp6;gaIaf9hDfd9gY;bien
bl1u./AF8TEp6;gaZgJ/tt77Xc.;bien
bl1u./AF8TEp6;ga9Mk0z3gDgsw;bien
bl1u./AF8TEp6;gaC6WQ.f7kKQc;bien
bl1u./AF8TEp6;gas6sO.iWXEqI;bien
bl1u./AF8TEp6;gar6jfri/CX9Q;bien
bl1u./AF8TEp6;gaBb8wAnm8uDo;bien
bl1u./AF8TEp6;gawIG8K0tl6Dg;bien
bl1u./AF8TEp6;gaEJonk1WE4qU;bien
bl1u./AF8TEp6;gakS1t04rwavk;bien
bl1u./AF8TEp6;gaBL2hT6mXM7M;bien
bl1u./AF8TEp6;gaxRM/r6FWnFA;bien
bl1u./AF8TEp6;gaqImark5nVDA;bien
bl1u./AF8TEp6;gaJy31VwBA4IY;bien
bl1u./AF8TEp6;gazuii0BJkiyo;jamais
bl1u./AF8TEp6;gaJR.ASLjhozA;jamais
bl1u./AF8TEp6;ga5EltwHBOBQU;jamais
bl1u./AF8TEp6;ga9lgn1/7AQnA;jamais
bl1u./AF8TEp6;gaiROloyAFXx.;jamais
bl1u./AF8TEp6;gaS287CQsId9A;jamais
bl1u./AF8TEp6;gahs//jVoG4cA;jamais
bl1u./AF8TEp6;gaHsTozEurw6o;jamais
bl1u./AF8TEp6;gaoCAatnUOVBo;jamais
bl1u./AF8TEp6;gay0.j6cCUFM.;jamais
bl1u./AF8TEp6;ga7TsHlSu8F3E;jamais
bl1u./AF8TEp6;gaPqBcWWrIKsw;jamais
bl1u./AF8TEp6;gahkvMCZIKolA;jamais
bl1u./AF8TEp6;gahkvMCZIKolA;jamais
bl1u./AF8TEp6;gaW1hkl16kxoI;jamais
bl1u./AF8TEp6;gaF3OM0gfNDHM;jamais
bl1u./AF8TEp6;gaA5j/.mtXhMI;jamais
bl1u./AF8TEp6;gaDjbE9eBtA1k;jamais
bl1u./AF8TEp6;gaYguZ2lOwGz2;jamais
bl1u./AF8TEp6;gahiBM5NWYYWc;jamais
bl1u./AF8TEp6;gapSBAAD6KAGM;jamais
bl1u./AF8TEp6;gaEDNoqjupmBw;jamais
bl1u./AF8TEp6;gaDQkeyfbTL06;jamais
bl1u./AF8TEp6;ga5JTmKLpYzns;jamais
bl1u./AF8TEp6;gatfjwrAzu3Fk;jamais
bl1u./AF8TEp6;gaHWwyaX3DFbU;jamais
bl1u./AF8TEp6;ga6FZoRfjLkLA;jamais
bl1u./AF8TEp6;ga9.IDu6EOW8.;jamais
bl1u./AF8TEp6;gapanlqrP.sGw;jamais
bl1u./AF8TEp6;gaKDoA9vbfogg;jamais
bl1u./AF8TEp6;gasXITehXbKB2;jamais
bl1u./AF8TEp6;gagAlqup/OJzY;jamais
bl1u./AF8TEp6;gaJnYJWP7eDWM;jamais
bl1u./AF8TEp6;ga5Go./f4ADBQ;jamais
bl1u./AF8TEp6;ga04b5zeP48qY;jamais
bl1u./AF8TEp6;gaxvvLjHn0mEE;jamais
bl1u./AF8TEp6;ga5Vc0GOVtSNg;trèsbien
bl1u./AF8TEp6;gaOI39qNl2RCY;jamais
bl1u./AF8TEp6;gakkn4qyveMMg;jamais
bl1u./AF8TEp6;gaa9XQsW7lnKs;trèsbien
bl2LwDaKpKT/c;gagAlqup/OJzY;trèsbien
bl2LwDaKpKT/c;gaOI39qNl2RCY;trèsbien
bl2LwDaKpKT/c;gaEJonk1WE4qU;trèsbien
bl2LwDaKpKT/c;gaPs4sTL7qV36;trèsbien
bl2LwDaKpKT/c;gafR8A1Cs4Fy2;trèsbien
bl2LwDaKpKT/c;gaC6WQ.f7kKQc;jamais
bl2LwDaKpKT/c;gaC6WQ.f7kKQc;jamais
bl2LwDaKpKT/c;gaa9XQsW7lnKs;jamais
bl2LwDaKpKT/c;ga9Mk0z3gDgsw;jamais
bl2LwDaKpKT/c;gaZgJ/tt77Xc.;jamais
bl2LwDaKpKT/c;gaPqBcWWrIKsw;jamais
bl2LwDaKpKT/c;ga7TsHlSu8F3E;jamais
bl2LwDaKpKT/c;gabMkDvkMzVEU;trèsbien
bl2LwDaKpKT/c;gahs//jVoG4cA;trèsbien
bl2LwDaKpKT/c;gaS287CQsId9A;trèsbien
bl2LwDaKpKT/c;gas6sO.iWXEqI;trèsbien
bl2LwDaKpKT/c;gagPvY7s.SWm6;trèsbien
bl2LwDaKpKT/c;gadWf2MSlDtE6;trèsbien
bl2LwDaKpKT/c;ga5Vc0GOVtSNg;trèsbien
bl2LwDaKpKT/c;gaIaf9hDfd9gY;trèsbien
bl2LwDaKpKT/c;ga5Vc0GOVtSNg;trèsbien
bl2LwDaKpKT/c;gazuii0BJkiyo;trèsbien
bl2LwDaKpKT/c;gakS1t04rwavk;bien
bl2LwDaKpKT/c;gakkn4qyveMMg;bien
bl2LwDaKpKT/c;gaBb8wAnm8uDo;bien
bl2LwDaKpKT/c;ga2tObQKD38MQ;bien
bl2LwDaKpKT/c;gaA5j/.mtXhMI;bien
bl2LwDaKpKT/c;gavTOkC.twsSQ;bien
bl2LwDaKpKT/c;ga2f3zAu/j5w6;bien
bl2LwDaKpKT/c;ga/mLSm4ai/6g;bien
bl2LwDaKpKT/c;ga9lgn1/7AQnA;bien
bl2LwDaKpKT/c;gatgLz1yg7ZAg;bien
bl2LwDaKpKT/c;gas6sO.iWXEqI;bien
bl2LwDaKpKT/c;gaw2dFU/DFhQo;bien
bl2LwDaKpKT/c;gaMuBC24u6.OI;bien
bl2LwDaKpKT/c;gaBL2hT6mXM7M;jamais
bl2LwDaKpKT/c;gawIG8K0tl6Dg;jamais
bl2LwDaKpKT/c;gaPCImsLz2otk;jamais
bl2LwDaKpKT/c;gaF3OM0gfNDHM;jamais
bl2LwDaKpKT/c;gaW1hkl16kxoI;jamais
bl2LwDaKpKT/c;gahkvMCZIKolA;jamais
bl2LwDaKpKT/c;gahkvMCZIKolA;jamais
bl2LwDaKpKT/c;gay0.j6cCUFM.;jamais
bl2LwDaKpKT/c;gaoCAatnUOVBo;jamais
bl2LwDaKpKT/c;gaHsTozEurw6o;jamais
bl2LwDaKpKT/c;gaiROloyAFXx.;jamais
bl2LwDaKpKT/c;ga5EltwHBOBQU;jamais
bl2LwDaKpKT/c;gaJR.ASLjhozA;jamais
bl2LwDaKpKT/c;galS2UFjy/C6s;jamais
bl2jhb3v2qUhc;gaMyQ2f79mRhE;bien
bl2jhb3v2qUhc;ga5Vc0GOVtSNg;jamais
bl2jhb3v2qUhc;gaIaf9hDfd9gY;jamais
bl2jhb3v2qUhc;ga5Vc0GOVtSNg;jamais
bl2jhb3v2qUhc;gaw2dFU/DFhQo;jamais
bl2jhb3v2qUhc;gazuii0BJkiyo;jamais
bl2jhb3v2qUhc;gaMuBC24u6.OI;jamais
bl2jhb3v2qUhc;gaYguZ2lOwGz2;bien
bl2jhb3v2qUhc;gabMkDvkMzVEU;bien
bl2jhb3v2qUhc;gatgLz1yg7ZAg;bien
bl2jhb3v2qUhc;gagPvY7s.SWm6;bien
bl2rqWgKava4o;gaDQkeyfbTL06;jamais
bl2rqWgKava4o;gaJ6.YOe.5N3U;jamais
bl2rqWgKava4o;galS2UFjy/C6s;trèsbien
bl2rqWgKava4o;gas6sO.iWXEqI;trèsbien
bl2rqWgKava4o;gas6sO.iWXEqI;trèsbien
bl2rqWgKava4o;gaS287CQsId9A;trèsbien
bl2rqWgKava4o;gahs//jVoG4cA;trèsbien
bl2rqWgKava4o;ga7TsHlSu8F3E;trèsbien
bl2rqWgKava4o;gavTOkC.twsSQ;trèsbien
bl2rqWgKava4o;gaA5j/.mtXhMI;trèsbien
bl2rqWgKava4o;gar6jfri/CX9Q;trèsbien
bl2rqWgKava4o;gaBL2hT6mXM7M;jamais
bl2rqWgKava4o;gaOI39qNl2RCY;jamais
bl2rqWgKava4o;gaxvvLjHn0mEE;jamais
bl2rqWgKava4o;ga04b5zeP48qY;jamais
bl2rqWgKava4o;gaKDoA9vbfogg;jamais
bl2rqWgKava4o;gapanlqrP.sGw;jamais
bl2rqWgKava4o;gaeXK.Q3eGe9s;jamais
bl2rqWgKava4o;gawAIBKObOA9Q;jamais
bl2rqWgKava4o;gah.mK60Bw7Uc;jamais
bl2rqWgKava4o;ga9.IDu6EOW8.;jamais
bl2rqWgKava4o;gaxRM/r6FWnFA;jamais
bl2rqWgKava4o;gaEDNoqjupmBw;jamais
bl2rqWgKava4o;gaPs4sTL7qV36;bien
bl2rqWgKava4o;gaBb8wAnm8uDo;bien
bl2rqWgKava4o;gawIG8K0tl6Dg;bien
bl2rqWgKava4o;gaEJonk1WE4qU;bien
bl2rqWgKava4o;ga5Go./f4ADBQ;bien
bl2rqWgKava4o;gaJnYJWP7eDWM;bien
bl2rqWgKava4o;gagAlqup/OJzY;bien
bl2rqWgKava4o;gasXITehXbKB2;bien
bl2rqWgKava4o;ga6FZoRfjLkLA;bien
bl2rqWgKava4o;gaMuBC24u6.OI;trèsbien
bl2rqWgKava4o;gaw2dFU/DFhQo;trèsbien
bl2rqWgKava4o;gaa9XQsW7lnKs;trèsbien
bl2rqWgKava4o;gaZgJ/tt77Xc.;trèsbien
bl2rqWgKava4o;gadWf2MSlDtE6;trèsbien
bl2rqWgKava4o;ga2tObQKD38MQ;trèsbien
bl2rqWgKava4o;gaMyQ2f79mRhE;trèsbien
bl2rqWgKava4o;gazuii0BJkiyo;trèsbien
bl2rqWgKava4o;gaC6WQ.f7kKQc;trèsbien
bl2rqWgKava4o;ga7emFYum9yS2;trèsbien
bl2rqWgKava4o;gaHWwyaX3DFbU;bien
bl2rqWgKava4o;gatfjwrAzu3Fk;bien
bl2rqWgKava4o;gaDsxXn93fXM.;bien
bl2rqWgKava4o;gaqImark5nVDA;bien
bl2rqWgKava4o;ga5JTmKLpYzns;bien
bl2rqWgKava4o;gae.ZZuu4G/9c;bien
bl2rqWgKava4o;gaJy31VwBA4IY;bien
bl2rqWgKava4o;ga5Vc0GOVtSNg;jamais
bl2rqWgKava4o;gaIaf9hDfd9gY;jamais
bl2rqWgKava4o;ga5Vc0GOVtSNg;jamais
bl2rqWgKava4o;gaC6WQ.f7kKQc;jamais
bl2rqWgKava4o;ga5EltwHBOBQU;jamais
bl2rqWgKava4o;ga9lgn1/7AQnA;jamais
bl2rqWgKava4o;gapSBAAD6KAGM;jamais
bl2rqWgKava4o;gahiBM5NWYYWc;jamais
bl2rqWgKava4o;gaYguZ2lOwGz2;jamais
bl2rqWgKava4o;gaDjbE9eBtA1k;jamais
bl2rqWgKava4o;ga9Mk0z3gDgsw;jamais
bl2rqWgKava4o;gagPvY7s.SWm6;jamais
bl2rqWgKava4o;gatgLz1yg7ZAg;jamais
bl2rqWgKava4o;gaJR.ASLjhozA;jamais
bl2rqWgKava4o;gaiROloyAFXx.;jamais
bl2rqWgKava4o;gaHsTozEurw6o;jamais
bl2rqWgKava4o;gaoCAatnUOVBo;jamais
bl2rqWgKava4o;gay0.j6cCUFM.;jamais
bl2rqWgKava4o;gaPqBcWWrIKsw;jamais
bl2rqWgKava4o;gahkvMCZIKolA;jamais
bl2rqWgKava4o;gahkvMCZIKolA;jamais
bl2rqWgKava4o;gabMkDvkMzVEU;jamais
bl2rqWgKava4o;gaW1hkl16kxoI;jamais
bl2rqWgKava4o;gaF3OM0gfNDHM;jamais
bl2rqWgKava4o;gaPCImsLz2otk;jamais
bl2rqWgKava4o;ga2f3zAu/j5w6;jamais
bl2rqWgKava4o;gafR8A1Cs4Fy2;jamais
bl2rqWgKava4o;gakkn4qyveMMg;jamais
bl2rqWgKava4o;gakS1t04rwavk;jamais
bl4wbw9k3zw/c;galS2UFjy/C6s;jamais
bl4wbw9k3zw/c;ga2tObQKD38MQ;bien
bl4wbw9k3zw/c;gabMkDvkMzVEU;trèsbien
bl4wbw9k3zw/c;gaDQkeyfbTL06;bien
bl4wbw9k3zw/c;gaw2dFU/DFhQo;bien
bl4wbw9k3zw/c;gahkvMCZIKolA;bien
bl4wbw9k3zw/c;gaPCImsLz2otk;jamais
bl5.Z2M26c/5o;gaDsxXn93fXM.;bien
bl5.Z2M26c/5o;gaPs4sTL7qV36;bien
bl5.Z2M26c/5o;gabMkDvkMzVEU;bien
bl5.Z2M26c/5o;gatgLz1yg7ZAg;bien
bl5.Z2M26c/5o;gaxRM/r6FWnFA;bien
bl5/1tjKhKrAE;gadWf2MSlDtE6;trèsbien
bl5/1tjKhKrAE;gaYguZ2lOwGz2;jamais
bl5/1tjKhKrAE;gapSBAAD6KAGM;jamais
bl5/1tjKhKrAE;gaEDNoqjupmBw;jamais
bl5/1tjKhKrAE;gaDQkeyfbTL06;jamais
bl5/1tjKhKrAE;ga5JTmKLpYzns;jamais
bl5/1tjKhKrAE;gaxRM/r6FWnFA;trèsbien
bl5/1tjKhKrAE;gaDsxXn93fXM.;trèsbien
bl5/1tjKhKrAE;gaHWwyaX3DFbU;jamais
bl5/1tjKhKrAE;ga9.IDu6EOW8.;jamais
bl5/1tjKhKrAE;gawAIBKObOA9Q;bien
bl5/1tjKhKrAE;gapanlqrP.sGw;jamais
bl5/1tjKhKrAE;gasXITehXbKB2;jamais
bl5/1tjKhKrAE;gaJnYJWP7eDWM;jamais
bl5/1tjKhKrAE;ga04b5zeP48qY;jamais
bl5/1tjKhKrAE;gaxvvLjHn0mEE;jamais
bl5/1tjKhKrAE;gaOI39qNl2RCY;jamais
bl5/1tjKhKrAE;gaBL2hT6mXM7M;jamais
bl5/1tjKhKrAE;gakS1t04rwavk;jamais
bl5/1tjKhKrAE;gakkn4qyveMMg;jamais
bl5/1tjKhKrAE;gaEJonk1WE4qU;bien
bl5/1tjKhKrAE;gawIG8K0tl6Dg;jamais
bl5/1tjKhKrAE;gaBb8wAnm8uDo;jamais
bl5/1tjKhKrAE;gaPs4sTL7qV36;trèsbien
bl5/1tjKhKrAE;gafR8A1Cs4Fy2;jamais
bl5/1tjKhKrAE;gar6jfri/CX9Q;bien
bl5/1tjKhKrAE;ga2tObQKD38MQ;trèsbien
bl5/1tjKhKrAE;gaA5j/.mtXhMI;bien
bl5/1tjKhKrAE;gavTOkC.twsSQ;jamais
bl5/1tjKhKrAE;ga2f3zAu/j5w6;jamais
bl5/1tjKhKrAE;gaPCImsLz2otk;jamais
bl5/1tjKhKrAE;gaF3OM0gfNDHM;jamais
bl5/1tjKhKrAE;gaW1hkl16kxoI;jamais
bl5/1tjKhKrAE;gabMkDvkMzVEU;trèsbien
bl5/1tjKhKrAE;gahkvMCZIKolA;jamais
bl5/1tjKhKrAE;gahkvMCZIKolA;jamais
bl5/1tjKhKrAE;gaPqBcWWrIKsw;trèsbien
bl5/1tjKhKrAE;galS2UFjy/C6s;jamais
bl5/1tjKhKrAE;ga7TsHlSu8F3E;trèsbien
bl5/1tjKhKrAE;gay0.j6cCUFM.;jamais
bl5/1tjKhKrAE;gaoCAatnUOVBo;jamais
bl5/1tjKhKrAE;gaHsTozEurw6o;jamais
bl5/1tjKhKrAE;gahs//jVoG4cA;bien
bl5/1tjKhKrAE;gaS287CQsId9A;bien
bl5/1tjKhKrAE;gaiROloyAFXx.;bien
bl5/1tjKhKrAE;ga9lgn1/7AQnA;jamais
bl5/1tjKhKrAE;ga5EltwHBOBQU;jamais
bl5/1tjKhKrAE;gaJR.ASLjhozA;jamais
bl5/1tjKhKrAE;gatgLz1yg7ZAg;trèsbien
bl5/1tjKhKrAE;gas6sO.iWXEqI;jamais
bl5/1tjKhKrAE;gas6sO.iWXEqI;bien
bl5/1tjKhKrAE;ga7emFYum9yS2;trèsbien
bl5/1tjKhKrAE;gaC6WQ.f7kKQc;jamais
bl5/1tjKhKrAE;gaC6WQ.f7kKQc;jamais
bl5/1tjKhKrAE;gagPvY7s.SWm6;trèsbien
bl5/1tjKhKrAE;ga9Mk0z3gDgsw;jamais
bl5/1tjKhKrAE;gaa9XQsW7lnKs;jamais
bl5/1tjKhKrAE;gaZgJ/tt77Xc.;trèsbien
bl5/1tjKhKrAE;ga5Vc0GOVtSNg;bien
bl5/1tjKhKrAE;gaIaf9hDfd9gY;jamais
bl5/1tjKhKrAE;ga5Vc0GOVtSNg;jamais
bl5/1tjKhKrAE;gaw2dFU/DFhQo;jamais
bl5/1tjKhKrAE;gaMuBC24u6.OI;jamais
bl5/1tjKhKrAE;gaDjbE9eBtA1k;jamais
bl5/1tjKhKrAE;gahiBM5NWYYWc;jamais
bl5/1tjKhKrAE;gaJ6.YOe.5N3U;jamais
bl5/1tjKhKrAE;gaJy31VwBA4IY;jamais
bl5/1tjKhKrAE;gae.ZZuu4G/9c;jamais
bl5/1tjKhKrAE;gaqImark5nVDA;jamais
bl5/1tjKhKrAE;gaMyQ2f79mRhE;bien
bl5/1tjKhKrAE;gatfjwrAzu3Fk;jamais
bl5/1tjKhKrAE;ga6FZoRfjLkLA;jamais
bl5/1tjKhKrAE;gah.mK60Bw7Uc;jamais
bl5/1tjKhKrAE;gaeXK.Q3eGe9s;jamais
bl5/1tjKhKrAE;gaKDoA9vbfogg;jamais
bl5/1tjKhKrAE;gagAlqup/OJzY;trèsbien
bl5/1tjKhKrAE;ga5Go./f4ADBQ;jamais
bl55W0uSMrpz6;gaJR.ASLjhozA;jamais
bl55W0uSMrpz6;gafR8A1Cs4Fy2;jamais
bl55W0uSMrpz6;gaA5j/.mtXhMI;jamais
bl55W0uSMrpz6;gavTOkC.twsSQ;jamais
bl55W0uSMrpz6;ga2f3zAu/j5w6;jamais
bl55W0uSMrpz6;gaPCImsLz2otk;jamais
bl55W0uSMrpz6;gaF3OM0gfNDHM;jamais
bl55W0uSMrpz6;gaW1hkl16kxoI;jamais
bl55W0uSMrpz6;gahkvMCZIKolA;jamais
bl55W0uSMrpz6;gahkvMCZIKolA;jamais
bl55W0uSMrpz6;gaPqBcWWrIKsw;jamais
bl55W0uSMrpz6;gay0.j6cCUFM.;jamais
bl55W0uSMrpz6;gaoCAatnUOVBo;jamais
bl55W0uSMrpz6;gaHsTozEurw6o;jamais
bl55W0uSMrpz6;gaiROloyAFXx.;jamais
bl55W0uSMrpz6;ga9lgn1/7AQnA;jamais
bl55W0uSMrpz6;ga5EltwHBOBQU;jamais
bl55W0uSMrpz6;gas6sO.iWXEqI;jamais
bl55W0uSMrpz6;gas6sO.iWXEqI;jamais
bl55W0uSMrpz6;galS2UFjy/C6s;jamais
bl55W0uSMrpz6;ga7emFYum9yS2;jamais
bl55W0uSMrpz6;gaC6WQ.f7kKQc;jamais
bl55W0uSMrpz6;gaC6WQ.f7kKQc;jamais
bl55W0uSMrpz6;gagPvY7s.SWm6;jamais
bl55W0uSMrpz6;ga9Mk0z3gDgsw;jamais
bl55W0uSMrpz6;gadWf2MSlDtE6;jamais
bl55W0uSMrpz6;gaZgJ/tt77Xc.;jamais
bl55W0uSMrpz6;gaa9XQsW7lnKs;jamais
bl55W0uSMrpz6;gazuii0BJkiyo;jamais
bl55W0uSMrpz6;gaMuBC24u6.OI;jamais
bl55W0uSMrpz6;gabMkDvkMzVEU;trèsbien
bl55W0uSMrpz6;gahs//jVoG4cA;trèsbien
bl55W0uSMrpz6;gaS287CQsId9A;trèsbien
bl55W0uSMrpz6;ga2tObQKD38MQ;trèsbien
bl55W0uSMrpz6;gar6jfri/CX9Q;trèsbien
bl55W0uSMrpz6;ga7TsHlSu8F3E;trèsbien
bl55W0uSMrpz6;gakS1t04rwavk;bien
bl55W0uSMrpz6;gaBb8wAnm8uDo;bien
bl55W0uSMrpz6;gatgLz1yg7ZAg;bien
bl55W0uSMrpz6;gaBL2hT6mXM7M;bien
bl55W0uSMrpz6;gaw2dFU/DFhQo;bien
bl55W0uSMrpz6;ga5Vc0GOVtSNg;bien
bl55W0uSMrpz6;gaJ6.YOe.5N3U;jamais
bl55W0uSMrpz6;gaEDNoqjupmBw;jamais
bl55W0uSMrpz6;gaJy31VwBA4IY;jamais
bl55W0uSMrpz6;gaDQkeyfbTL06;jamais
bl55W0uSMrpz6;gae.ZZuu4G/9c;jamais
bl55W0uSMrpz6;ga5JTmKLpYzns;jamais
bl55W0uSMrpz6;gaqImark5nVDA;jamais
bl55W0uSMrpz6;gaxRM/r6FWnFA;jamais
bl55W0uSMrpz6;gaMyQ2f79mRhE;jamais
bl55W0uSMrpz6;gaDsxXn93fXM.;jamais
bl55W0uSMrpz6;gatfjwrAzu3Fk;jamais
bl55W0uSMrpz6;gaHWwyaX3DFbU;jamais
bl55W0uSMrpz6;ga6FZoRfjLkLA;jamais
bl55W0uSMrpz6;ga9.IDu6EOW8.;jamais
bl55W0uSMrpz6;gah.mK60Bw7Uc;jamais
bl55W0uSMrpz6;gawAIBKObOA9Q;jamais
bl55W0uSMrpz6;gaeXK.Q3eGe9s;jamais
bl55W0uSMrpz6;gapanlqrP.sGw;jamais
bl55W0uSMrpz6;gaKDoA9vbfogg;jamais
bl55W0uSMrpz6;gasXITehXbKB2;jamais
bl55W0uSMrpz6;gagAlqup/OJzY;jamais
bl55W0uSMrpz6;gaJnYJWP7eDWM;jamais
bl55W0uSMrpz6;ga5Go./f4ADBQ;jamais
bl55W0uSMrpz6;ga04b5zeP48qY;jamais
bl55W0uSMrpz6;gaxvvLjHn0mEE;jamais
bl55W0uSMrpz6;gaOI39qNl2RCY;jamais
bl55W0uSMrpz6;gakkn4qyveMMg;jamais
bl55W0uSMrpz6;gaEJonk1WE4qU;jamais
bl55W0uSMrpz6;gawIG8K0tl6Dg;jamais
bl55W0uSMrpz6;gaPs4sTL7qV36;jamais
bl65TErI.VjAA;gaIaf9hDfd9gY;bien
bl65TErI.VjAA;gaDQkeyfbTL06;trèsbien
bl65TErI.VjAA;gaPCImsLz2otk;trèsbien
bl65TErI.VjAA;gapSBAAD6KAGM;jamais
bl65TErI.VjAA;gaJ6.YOe.5N3U;jamais
bl65TErI.VjAA;gaEDNoqjupmBw;jamais
bl65TErI.VjAA;ga9.IDu6EOW8.;jamais
bl65TErI.VjAA;gah.mK60Bw7Uc;jamais
bl65TErI.VjAA;ga04b5zeP48qY;jamais
bl65TErI.VjAA;gaF3OM0gfNDHM;jamais
bl65TErI.VjAA;gaW1hkl16kxoI;jamais
bl65TErI.VjAA;ga5EltwHBOBQU;jamais
bl65TErI.VjAA;ga9Mk0z3gDgsw;jamais
bl65TErI.VjAA;gasXITehXbKB2;bien
bl65TErI.VjAA;gahkvMCZIKolA;bien
bl65TErI.VjAA;ga7TsHlSu8F3E;bien
bl9BdxOPgV0XU;gaC6WQ.f7kKQc;bien
bl9BdxOPgV0XU;gawAIBKObOA9Q;jamais
bl9BdxOPgV0XU;gaC6WQ.f7kKQc;trèsbien
bl9BdxOPgV0XU;gaJR.ASLjhozA;bien
bl9BdxOPgV0XU;gaPCImsLz2otk;bien
bl9BdxOPgV0XU;ga7emFYum9yS2;trèsbien
bl9BdxOPgV0XU;ga2f3zAu/j5w6;bien
bl9BdxOPgV0XU;gagAlqup/OJzY;bien
bl9BdxOPgV0XU;gaeXK.Q3eGe9s;bien
bl9BdxOPgV0XU;gabMkDvkMzVEU;trèsbien
bl9BdxOPgV0XU;gadWf2MSlDtE6;jamais
bl9BdxOPgV0XU;gae.ZZuu4G/9c;bien
bl9BdxOPgV0XU;ga5Vc0GOVtSNg;bien
bl9BdxOPgV0XU;gaJnYJWP7eDWM;jamais
bl9HR9LuSmrMo;ga9.IDu6EOW8.;jamais
bl9HR9LuSmrMo;ga1ohIKbe4v9Y;trèsbien
bl9HR9LuSmrMo;gadWf2MSlDtE6;trèsbien
bl9HR9LuSmrMo;gaBb8wAnm8uDo;trèsbien
bl9HR9LuSmrMo;gas6sO.iWXEqI;bien
bl9HR9LuSmrMo;gaJR.ASLjhozA;bien
bl9HR9LuSmrMo;gaJnYJWP7eDWM;bien
bl9HR9LuSmrMo;gatgLz1yg7ZAg;bien
bl9HR9LuSmrMo;ga9Mk0z3gDgsw;jamais
bl9HR9LuSmrMo;gaW1hkl16kxoI;jamais
bl9HR9LuSmrMo;ga7TsHlSu8F3E;jamais
bl9HR9LuSmrMo;ga04b5zeP48qY;jamais
blA5K4GlKIEN2;ga5Vc0GOVtSNg;bien
blA5K4GlKIEN2;gaPs4sTL7qV36;bien
blA5K4GlKIEN2;gaMyQ2f79mRhE;trèsbien
blA5K4GlKIEN2;gaF3OM0gfNDHM;jamais
blA5K4GlKIEN2;gaW1hkl16kxoI;jamais
blA5K4GlKIEN2;gabMkDvkMzVEU;jamais
blA5K4GlKIEN2;gahkvMCZIKolA;jamais
blA5K4GlKIEN2;gahkvMCZIKolA;jamais
blA5K4GlKIEN2;gaPqBcWWrIKsw;jamais
blA5K4GlKIEN2;ga/mLSm4ai/6g;jamais
blA5K4GlKIEN2;ga7TsHlSu8F3E;jamais
blA5K4GlKIEN2;gay0.j6cCUFM.;jamais
blA5K4GlKIEN2;gaoCAatnUOVBo;jamais
blA5K4GlKIEN2;gaHsTozEurw6o;jamais
blA5K4GlKIEN2;gahs//jVoG4cA;jamais
blA5K4GlKIEN2;gaS287CQsId9A;jamais
blA5K4GlKIEN2;gas6sO.iWXEqI;jamais
blA5K4GlKIEN2;galS2UFjy/C6s;jamais
blA5K4GlKIEN2;ga7emFYum9yS2;jamais
blA5K4GlKIEN2;gaC6WQ.f7kKQc;jamais
blA5K4GlKIEN2;gaC6WQ.f7kKQc;jamais
blA5K4GlKIEN2;gagPvY7s.SWm6;jamais
blA5K4GlKIEN2;ga9Mk0z3gDgsw;jamais
blA5K4GlKIEN2;gadWf2MSlDtE6;jamais
blA5K4GlKIEN2;gaZgJ/tt77Xc.;jamais
blA5K4GlKIEN2;gaa9XQsW7lnKs;jamais
blA5K4GlKIEN2;gaIaf9hDfd9gY;jamais
blA5K4GlKIEN2;ga5Vc0GOVtSNg;jamais
blA5K4GlKIEN2;gaw2dFU/DFhQo;jamais
blA5K4GlKIEN2;gazuii0BJkiyo;jamais
blA5K4GlKIEN2;gaMuBC24u6.OI;jamais
blA5K4GlKIEN2;ga2tObQKD38MQ;bien
blA5K4GlKIEN2;gakkn4qyveMMg;jamais
blA5K4GlKIEN2;gaEJonk1WE4qU;jamais
blA5K4GlKIEN2;gawIG8K0tl6Dg;jamais
blA5K4GlKIEN2;gaBb8wAnm8uDo;jamais
blA5K4GlKIEN2;gafR8A1Cs4Fy2;jamais
blA5K4GlKIEN2;gar6jfri/CX9Q;jamais
blA5K4GlKIEN2;gaA5j/.mtXhMI;jamais
blA5K4GlKIEN2;gavTOkC.twsSQ;jamais
blA5K4GlKIEN2;gasf0Ta/bDyVc;jamais
blA5K4GlKIEN2;gaW9pPhevmmAM;jamais
blA5K4GlKIEN2;gahqKClKYywnI;jamais
blA5K4GlKIEN2;ga2f3zAu/j5w6;jamais
blA5K4GlKIEN2;gaPCImsLz2otk;jamais
blA5K4GlKIEN2;gaHWwyaX3DFbU;jamais
blA5K4GlKIEN2;gatfjwrAzu3Fk;jamais
blA5K4GlKIEN2;gaDsxXn93fXM.;jamais
blA5K4GlKIEN2;gaxRM/r6FWnFA;jamais
blA5K4GlKIEN2;gaqImark5nVDA;jamais
blA5K4GlKIEN2;ga5JTmKLpYzns;jamais
blA5K4GlKIEN2;gae.ZZuu4G/9c;jamais
blA5K4GlKIEN2;gaDQkeyfbTL06;jamais
blA5K4GlKIEN2;gaJy31VwBA4IY;jamais
blA5K4GlKIEN2;gaEDNoqjupmBw;jamais
blA5K4GlKIEN2;gaJ6.YOe.5N3U;jamais
blA5K4GlKIEN2;gapSBAAD6KAGM;jamais
blA5K4GlKIEN2;gahiBM5NWYYWc;jamais
blA5K4GlKIEN2;gaYguZ2lOwGz2;jamais
blA5K4GlKIEN2;gaDjbE9eBtA1k;jamais
blA5K4GlKIEN2;ga6FZoRfjLkLA;jamais
blA5K4GlKIEN2;ga1ohIKbe4v9Y;jamais
blA5K4GlKIEN2;ga9.IDu6EOW8.;jamais
blA5K4GlKIEN2;gah.mK60Bw7Uc;jamais
blA5K4GlKIEN2;gawAIBKObOA9Q;jamais
blA5K4GlKIEN2;gaeXK.Q3eGe9s;jamais
blA5K4GlKIEN2;gapanlqrP.sGw;jamais
blA5K4GlKIEN2;gaKDoA9vbfogg;jamais
blA5K4GlKIEN2;gasXITehXbKB2;jamais
blA5K4GlKIEN2;gagAlqup/OJzY;jamais
blA5K4GlKIEN2;gaJnYJWP7eDWM;jamais
blA5K4GlKIEN2;ga5Go./f4ADBQ;jamais
blA5K4GlKIEN2;ga.vTZVmBFaC.;jamais
blA5K4GlKIEN2;ga04b5zeP48qY;jamais
blA5K4GlKIEN2;gaxvvLjHn0mEE;jamais
blA5K4GlKIEN2;gaOI39qNl2RCY;jamais
blA5K4GlKIEN2;gaBL2hT6mXM7M;jamais
blA5K4GlKIEN2;gakS1t04rwavk;jamais
blA5K4GlKIEN2;gaiROloyAFXx.;jamais
blA5K4GlKIEN2;ga9lgn1/7AQnA;jamais
blA5K4GlKIEN2;ga5EltwHBOBQU;jamais
blA5K4GlKIEN2;gaJR.ASLjhozA;jamais
blA5K4GlKIEN2;gatgLz1yg7ZAg;jamais
blA5K4GlKIEN2;gas6sO.iWXEqI;jamais
blB6OJg1ilNV2;gakS1t04rwavk;jamais
blB6OJg1ilNV2;ga2f3zAu/j5w6;jamais
blB6OJg1ilNV2;gaPCImsLz2otk;jamais
blB6OJg1ilNV2;gahiBM5NWYYWc;jamais
blB6OJg1ilNV2;ga1ohIKbe4v9Y;jamais
blB6OJg1ilNV2;gaDjbE9eBtA1k;jamais
blB6OJg1ilNV2;gaPs4sTL7qV36;trèsbien
blB6OJg1ilNV2;gahqKClKYywnI;trèsbien
blB6OJg1ilNV2;gaHWwyaX3DFbU;trèsbien
blB6OJg1ilNV2;gar6jfri/CX9Q;trèsbien
blB6OJg1ilNV2;ga2tObQKD38MQ;trèsbien
blB6OJg1ilNV2;gaW9pPhevmmAM;bien
blB6OJg1ilNV2;gasf0Ta/bDyVc;bien
blB6OJg1ilNV2;gasXITehXbKB2;bien
blB6OJg1ilNV2;gaMyQ2f79mRhE;bien
blB6OJg1ilNV2;gaYguZ2lOwGz2;jamais
blC888Fel.osw;ga6FZoRfjLkLA;jamais
blC888Fel.osw;gawAIBKObOA9Q;trèsbien
blC888Fel.osw;gaS287CQsId9A;trèsbien
blC888Fel.osw;gadWf2MSlDtE6;trèsbien
blC888Fel.osw;gaHWwyaX3DFbU;trèsbien
blC888Fel.osw;ga9lgn1/7AQnA;jamais
blC888Fel.osw;ga5EltwHBOBQU;jamais
blC888Fel.osw;gaJR.ASLjhozA;jamais
blC888Fel.osw;gatgLz1yg7ZAg;jamais
blC888Fel.osw;gas6sO.iWXEqI;jamais
blC888Fel.osw;gaa9XQsW7lnKs;jamais
blC888Fel.osw;gaIaf9hDfd9gY;jamais
blC888Fel.osw;gaw2dFU/DFhQo;jamais
blC888Fel.osw;gaMuBC24u6.OI;jamais
blC888Fel.osw;gaPCImsLz2otk;jamais
blC888Fel.osw;gaC6WQ.f7kKQc;jamais
blC888Fel.osw;galS2UFjy/C6s;jamais
blC888Fel.osw;gaiROloyAFXx.;jamais
blC888Fel.osw;gahs//jVoG4cA;jamais
blC888Fel.osw;gaHsTozEurw6o;jamais
blC888Fel.osw;gaoCAatnUOVBo;jamais
blC888Fel.osw;gay0.j6cCUFM.;jamais
blC888Fel.osw;ga7TsHlSu8F3E;jamais
blC888Fel.osw;gatfjwrAzu3Fk;bien
blC888Fel.osw;gagAlqup/OJzY;bien
blC888Fel.osw;gas6sO.iWXEqI;bien
blC888Fel.osw;ga5Vc0GOVtSNg;bien
blC888Fel.osw;ga5Vc0GOVtSNg;bien
blC888Fel.osw;gazuii0BJkiyo;bien
blC888Fel.osw;gaMyQ2f79mRhE;bien
blC888Fel.osw;gaZgJ/tt77Xc.;bien
blC888Fel.osw;gae.ZZuu4G/9c;trèsbien
blC888Fel.osw;gagPvY7s.SWm6;trèsbien
blC888Fel.osw;gaPqBcWWrIKsw;jamais
blC888Fel.osw;gahkvMCZIKolA;jamais
blC888Fel.osw;gahkvMCZIKolA;jamais
blC888Fel.osw;gabMkDvkMzVEU;jamais
blC888Fel.osw;gaW1hkl16kxoI;jamais
blC888Fel.osw;gaF3OM0gfNDHM;jamais
blC888Fel.osw;ga2f3zAu/j5w6;jamais
blC888Fel.osw;gaA5j/.mtXhMI;jamais
blC888Fel.osw;ga2tObQKD38MQ;jamais
blC888Fel.osw;gar6jfri/CX9Q;jamais
blC888Fel.osw;gafR8A1Cs4Fy2;jamais
blC888Fel.osw;gaPs4sTL7qV36;jamais
blC888Fel.osw;gaBb8wAnm8uDo;jamais
blC888Fel.osw;gawIG8K0tl6Dg;jamais
blC888Fel.osw;gaEJonk1WE4qU;jamais
blC888Fel.osw;gakkn4qyveMMg;jamais
blC888Fel.osw;gakS1t04rwavk;jamais
blC888Fel.osw;gaBL2hT6mXM7M;jamais
blC888Fel.osw;gaOI39qNl2RCY;jamais
blC888Fel.osw;gaxvvLjHn0mEE;jamais
blC888Fel.osw;ga04b5zeP48qY;jamais
blC888Fel.osw;ga5Go./f4ADBQ;jamais
blC888Fel.osw;gaJnYJWP7eDWM;jamais
blC888Fel.osw;gasXITehXbKB2;jamais
blC888Fel.osw;gapanlqrP.sGw;jamais
blC888Fel.osw;gaeXK.Q3eGe9s;jamais
blC888Fel.osw;gah.mK60Bw7Uc;jamais
blC888Fel.osw;ga9.IDu6EOW8.;jamais
blC888Fel.osw;gaDsxXn93fXM.;jamais
blC888Fel.osw;gaxRM/r6FWnFA;jamais
blC888Fel.osw;gaqImark5nVDA;jamais
blC888Fel.osw;ga5JTmKLpYzns;jamais
blC888Fel.osw;gaDQkeyfbTL06;jamais
blC888Fel.osw;gaJy31VwBA4IY;jamais
blC888Fel.osw;gaEDNoqjupmBw;jamais
blC888Fel.osw;gaJ6.YOe.5N3U;jamais
blC888Fel.osw;gapSBAAD6KAGM;jamais
blC888Fel.osw;gahiBM5NWYYWc;jamais
blC888Fel.osw;gaDjbE9eBtA1k;jamais
blDPCjzWCczr6;ga7emFYum9yS2;jamais
blDPCjzWCczr6;galS2UFjy/C6s;jamais
blDPCjzWCczr6;gas6sO.iWXEqI;jamais
blDPCjzWCczr6;gas6sO.iWXEqI;jamais
blDPCjzWCczr6;gaJR.ASLjhozA;jamais
blDPCjzWCczr6;ga9lgn1/7AQnA;jamais
blDPCjzWCczr6;gaHsTozEurw6o;jamais
blDPCjzWCczr6;gaW1hkl16kxoI;jamais
blDPCjzWCczr6;gaZgJ/tt77Xc.;trèsbien
blDPCjzWCczr6;ga5Vc0GOVtSNg;trèsbien
blDPCjzWCczr6;gadWf2MSlDtE6;trèsbien
blDPCjzWCczr6;ga9Mk0z3gDgsw;trèsbien
blDPCjzWCczr6;gaMuBC24u6.OI;bien
blDPCjzWCczr6;gazuii0BJkiyo;bien
blDPCjzWCczr6;gaIaf9hDfd9gY;bien
blDPCjzWCczr6;gaa9XQsW7lnKs;bien
blDPCjzWCczr6;gaC6WQ.f7kKQc;bien
blDPCjzWCczr6;gaoCAatnUOVBo;bien
blDPCjzWCczr6;ga5Vc0GOVtSNg;trèsbien
blFD1aQDfmpH.;gawIG8K0tl6Dg;bien
blFD1aQDfmpH.;gaBL2hT6mXM7M;bien
blFD1aQDfmpH.;gaYguZ2lOwGz2;jamais
blFD1aQDfmpH.;gahiBM5NWYYWc;jamais
blFD1aQDfmpH.;ga5JTmKLpYzns;jamais
blFD1aQDfmpH.;gaqImark5nVDA;jamais
blFD1aQDfmpH.;ga6FZoRfjLkLA;jamais
blFD1aQDfmpH.;ga9.IDu6EOW8.;jamais
blFD1aQDfmpH.;gah.mK60Bw7Uc;jamais
blFD1aQDfmpH.;gaKDoA9vbfogg;jamais
blFD1aQDfmpH.;gaJnYJWP7eDWM;jamais
blFD1aQDfmpH.;gaOI39qNl2RCY;jamais
blFD1aQDfmpH.;gakS1t04rwavk;jamais
blFD1aQDfmpH.;gakkn4qyveMMg;jamais
blFD1aQDfmpH.;gafR8A1Cs4Fy2;jamais
blFD1aQDfmpH.;ga2f3zAu/j5w6;jamais
blFD1aQDfmpH.;gaF3OM0gfNDHM;jamais
blFD1aQDfmpH.;gaW1hkl16kxoI;jamais
blFD1aQDfmpH.;gaPqBcWWrIKsw;jamais
blFD1aQDfmpH.;ga7TsHlSu8F3E;jamais
blFD1aQDfmpH.;gaiROloyAFXx.;jamais
blFD1aQDfmpH.;ga9lgn1/7AQnA;jamais
blFD1aQDfmpH.;gaC6WQ.f7kKQc;jamais
blFD1aQDfmpH.;ga9Mk0z3gDgsw;jamais
blFD1aQDfmpH.;gadWf2MSlDtE6;jamais
blFD1aQDfmpH.;gaZgJ/tt77Xc.;jamais
blFD1aQDfmpH.;gaa9XQsW7lnKs;jamais
blFD1aQDfmpH.;gaIaf9hDfd9gY;jamais
blFD1aQDfmpH.;gaDjbE9eBtA1k;bien
blFD1aQDfmpH.;gapSBAAD6KAGM;bien
blFD1aQDfmpH.;gaHWwyaX3DFbU;bien
blFD1aQDfmpH.;ga5Vc0GOVtSNg;trèsbien
blFD1aQDfmpH.;ga5Vc0GOVtSNg;trèsbien
blFD1aQDfmpH.;gaPs4sTL7qV36;trèsbien
blFD1aQDfmpH.;gaDsxXn93fXM.;trèsbien
blFD1aQDfmpH.;gaMyQ2f79mRhE;trèsbien
blFD1aQDfmpH.;gaxRM/r6FWnFA;trèsbien
blFD1aQDfmpH.;gae.ZZuu4G/9c;trèsbien
blFD1aQDfmpH.;gaBb8wAnm8uDo;trèsbien
blFD1aQDfmpH.;gaMuBC24u6.OI;bien
blFD1aQDfmpH.;gazuii0BJkiyo;bien
blFD1aQDfmpH.;gaw2dFU/DFhQo;bien
blFD1aQDfmpH.;ga7emFYum9yS2;bien
blFD1aQDfmpH.;galS2UFjy/C6s;bien
blFD1aQDfmpH.;gas6sO.iWXEqI;bien
blFD1aQDfmpH.;gaJR.ASLjhozA;bien
blFD1aQDfmpH.;gaoCAatnUOVBo;bien
blFD1aQDfmpH.;gabMkDvkMzVEU;bien
blFD1aQDfmpH.;gar6jfri/CX9Q;bien
blFq6YzuUpuG6;ga9Mk0z3gDgsw;jamais
blFq6YzuUpuG6;gaC6WQ.f7kKQc;jamais
blFq6YzuUpuG6;gaC6WQ.f7kKQc;jamais
blFq6YzuUpuG6;galS2UFjy/C6s;jamais
blFq6YzuUpuG6;gaJR.ASLjhozA;jamais
blFq6YzuUpuG6;gaiROloyAFXx.;jamais
blFq6YzuUpuG6;gaHsTozEurw6o;jamais
blFq6YzuUpuG6;gaoCAatnUOVBo;jamais
blFq6YzuUpuG6;gay0.j6cCUFM.;jamais
blFq6YzuUpuG6;ga7TsHlSu8F3E;jamais
blFq6YzuUpuG6;gaPqBcWWrIKsw;jamais
blFq6YzuUpuG6;gahkvMCZIKolA;jamais
blFq6YzuUpuG6;gahkvMCZIKolA;jamais
blFq6YzuUpuG6;gaW1hkl16kxoI;jamais
blFq6YzuUpuG6;gaF3OM0gfNDHM;jamais
blFq6YzuUpuG6;gaPCImsLz2otk;jamais
blFq6YzuUpuG6;gawIG8K0tl6Dg;jamais
blFq6YzuUpuG6;gaBL2hT6mXM7M;jamais
blFq6YzuUpuG6;gagAlqup/OJzY;trèsbien
blFq6YzuUpuG6;gaOI39qNl2RCY;trèsbien
blFq6YzuUpuG6;gaEJonk1WE4qU;trèsbien
blFq6YzuUpuG6;gaPs4sTL7qV36;trèsbien
blFq6YzuUpuG6;gafR8A1Cs4Fy2;trèsbien
blFq6YzuUpuG6;gabMkDvkMzVEU;trèsbien
blFq6YzuUpuG6;gahs//jVoG4cA;trèsbien
blFq6YzuUpuG6;gaS287CQsId9A;trèsbien
blFq6YzuUpuG6;gas6sO.iWXEqI;trèsbien
blFq6YzuUpuG6;gagPvY7s.SWm6;trèsbien
blFq6YzuUpuG6;gadWf2MSlDtE6;trèsbien
blFq6YzuUpuG6;ga5Vc0GOVtSNg;trèsbien
blFq6YzuUpuG6;gaIaf9hDfd9gY;trèsbien
blFq6YzuUpuG6;ga5Vc0GOVtSNg;trèsbien
blFq6YzuUpuG6;gazuii0BJkiyo;trèsbien
blFq6YzuUpuG6;gakS1t04rwavk;bien
blFq6YzuUpuG6;gakkn4qyveMMg;bien
blFq6YzuUpuG6;gaMuBC24u6.OI;bien
blFq6YzuUpuG6;gaw2dFU/DFhQo;bien
blFq6YzuUpuG6;gas6sO.iWXEqI;bien
blFq6YzuUpuG6;gatgLz1yg7ZAg;bien
blFq6YzuUpuG6;ga9lgn1/7AQnA;bien
blFq6YzuUpuG6;ga/mLSm4ai/6g;bien
blFq6YzuUpuG6;ga2f3zAu/j5w6;bien
blFq6YzuUpuG6;gavTOkC.twsSQ;bien
blFq6YzuUpuG6;gaA5j/.mtXhMI;bien
blFq6YzuUpuG6;ga2tObQKD38MQ;bien
blFq6YzuUpuG6;gaBb8wAnm8uDo;bien
blFq6YzuUpuG6;ga5EltwHBOBQU;jamais
blFq6YzuUpuG6;gaa9XQsW7lnKs;jamais
blFq6YzuUpuG6;gaZgJ/tt77Xc.;jamais
blGDihFnA6.LE;gas6sO.iWXEqI;jamais
blGDihFnA6.LE;gas6sO.iWXEqI;jamais
blGDihFnA6.LE;gawIG8K0tl6Dg;jamais
blGDihFnA6.LE;gadWf2MSlDtE6;jamais
blGDihFnA6.LE;ga5JTmKLpYzns;jamais
blGDihFnA6.LE;ga6FZoRfjLkLA;jamais
blGDihFnA6.LE;gagPvY7s.SWm6;jamais
blGDihFnA6.LE;gaOI39qNl2RCY;jamais
blGDihFnA6.LE;gaoCAatnUOVBo;jamais
blGDihFnA6.LE;gafR8A1Cs4Fy2;jamais
blGDihFnA6.LE;gaPCImsLz2otk;jamais
blGDihFnA6.LE;gasXITehXbKB2;jamais
blGDihFnA6.LE;gah.mK60Bw7Uc;jamais
blGDihFnA6.LE;gagAlqup/OJzY;jamais
blGDihFnA6.LE;gaJR.ASLjhozA;jamais
blGDihFnA6.LE;galS2UFjy/C6s;jamais
blGDihFnA6.LE;gatfjwrAzu3Fk;jamais
blGDihFnA6.LE;gakS1t04rwavk;jamais
blGDihFnA6.LE;gaBb8wAnm8uDo;jamais
blGDihFnA6.LE;ga04b5zeP48qY;jamais
blGDihFnA6.LE;gaZgJ/tt77Xc.;jamais
blGDihFnA6.LE;ga5Go./f4ADBQ;jamais
blGDihFnA6.LE;gawAIBKObOA9Q;jamais
blGDihFnA6.LE;gaeXK.Q3eGe9s;jamais
blGDihFnA6.LE;gaKDoA9vbfogg;jamais
blGDihFnA6.LE;gaJnYJWP7eDWM;jamais
blGDihFnA6.LE;gaHWwyaX3DFbU;jamais
blGDihFnA6.LE;gatgLz1yg7ZAg;jamais
blGDihFnA6.LE;gaW1hkl16kxoI;jamais
blGDihFnA6.LE;gaPqBcWWrIKsw;jamais
blGDihFnA6.LE;gay0.j6cCUFM.;jamais
blGDihFnA6.LE;gaiROloyAFXx.;jamais
blGDihFnA6.LE;ga5EltwHBOBQU;jamais
blGDihFnA6.LE;ga9lgn1/7AQnA;jamais
blGDihFnA6.LE;ga/mLSm4ai/6g;jamais
blGDihFnA6.LE;gabMkDvkMzVEU;jamais
blGDihFnA6.LE;gahkvMCZIKolA;jamais
blGDihFnA6.LE;gaS287CQsId9A;jamais
blGDihFnA6.LE;gahs//jVoG4cA;jamais
blGDihFnA6.LE;gae.ZZuu4G/9c;jamais
blGDihFnA6.LE;gaW9pPhevmmAM;jamais
blGDihFnA6.LE;gasf0Ta/bDyVc;jamais
blGDihFnA6.LE;gahqKClKYywnI;jamais
blGDihFnA6.LE;ga7emFYum9yS2;jamais
blGDihFnA6.LE;gaC6WQ.f7kKQc;jamais
blGDihFnA6.LE;ga2f3zAu/j5w6;jamais
blGDihFnA6.LE;gapanlqrP.sGw;jamais
blGDihFnA6.LE;ga.vTZVmBFaC.;jamais
blGDihFnA6.LE;gaxRM/r6FWnFA;jamais
blGDihFnA6.LE;ga9.IDu6EOW8.;jamais
blGDihFnA6.LE;ga2tObQKD38MQ;bien
blGDihFnA6.LE;gahkvMCZIKolA;bien
blGDihFnA6.LE;gaDQkeyfbTL06;bien
blGDihFnA6.LE;gaYguZ2lOwGz2;jamais
blGDihFnA6.LE;gapSBAAD6KAGM;jamais
blGDihFnA6.LE;gaDjbE9eBtA1k;jamais
blGDihFnA6.LE;ga1ohIKbe4v9Y;jamais
blGDihFnA6.LE;gaC6WQ.f7kKQc;bien
blGDihFnA6.LE;gaJ6.YOe.5N3U;jamais
blGDihFnA6.LE;gaDsxXn93fXM.;jamais
blGDihFnA6.LE;ga7TsHlSu8F3E;trèsbien
blGDihFnA6.LE;gaHsTozEurw6o;trèsbien
blGDihFnA6.LE;gaF3OM0gfNDHM;trèsbien
blGDihFnA6.LE;gaxvvLjHn0mEE;jamais
blGDihFnA6.LE;gaPs4sTL7qV36;jamais
blGDihFnA6.LE;gaJy31VwBA4IY;jamais
blGDihFnA6.LE;gaEJonk1WE4qU;jamais
blGDihFnA6.LE;gaa9XQsW7lnKs;jamais
blGDihFnA6.LE;gaMyQ2f79mRhE;jamais
blGDihFnA6.LE;gaqImark5nVDA;jamais
blGDihFnA6.LE;gaEDNoqjupmBw;jamais
blGDihFnA6.LE;gahiBM5NWYYWc;jamais
blGDihFnA6.LE;gavTOkC.twsSQ;jamais
blGDihFnA6.LE;gaBL2hT6mXM7M;jamais
blGDihFnA6.LE;gakkn4qyveMMg;jamais
blGDihFnA6.LE;gaIaf9hDfd9gY;jamais
blGDihFnA6.LE;ga5Vc0GOVtSNg;jamais
blGDihFnA6.LE;ga5Vc0GOVtSNg;jamais
blGDihFnA6.LE;gazuii0BJkiyo;jamais
blGDihFnA6.LE;gaw2dFU/DFhQo;jamais
blGDihFnA6.LE;gaMuBC24u6.OI;jamais
blGDihFnA6.LE;ga9Mk0z3gDgsw;jamais
blHIVuF4ftibA;gaw2dFU/DFhQo;trèsbien
blHIVuF4ftibA;gatfjwrAzu3Fk;bien
blHIVuF4ftibA;gaDsxXn93fXM.;bien
blHIVuF4ftibA;gaqImark5nVDA;bien
blHIVuF4ftibA;ga5JTmKLpYzns;bien
blHIVuF4ftibA;gae.ZZuu4G/9c;bien
blHIVuF4ftibA;gaJy31VwBA4IY;bien
blHIVuF4ftibA;ga5Vc0GOVtSNg;jamais
blHIVuF4ftibA;gaIaf9hDfd9gY;jamais
blHIVuF4ftibA;ga5Vc0GOVtSNg;jamais
blHIVuF4ftibA;gaC6WQ.f7kKQc;jamais
blHIVuF4ftibA;ga5EltwHBOBQU;jamais
blHIVuF4ftibA;ga9lgn1/7AQnA;jamais
blHIVuF4ftibA;gaiROloyAFXx.;jamais
blHIVuF4ftibA;gaHsTozEurw6o;jamais
blHIVuF4ftibA;gaoCAatnUOVBo;jamais
blHIVuF4ftibA;gay0.j6cCUFM.;jamais
blHIVuF4ftibA;gaPqBcWWrIKsw;jamais
blHIVuF4ftibA;gahkvMCZIKolA;jamais
blHIVuF4ftibA;gahkvMCZIKolA;jamais
blHIVuF4ftibA;gabMkDvkMzVEU;jamais
blHIVuF4ftibA;gaW1hkl16kxoI;jamais
blHIVuF4ftibA;gaF3OM0gfNDHM;jamais
blHIVuF4ftibA;gaPCImsLz2otk;jamais
blHIVuF4ftibA;ga2f3zAu/j5w6;jamais
blHIVuF4ftibA;gafR8A1Cs4Fy2;jamais
blHIVuF4ftibA;gakkn4qyveMMg;jamais
blHIVuF4ftibA;gakS1t04rwavk;jamais
blHIVuF4ftibA;gaBL2hT6mXM7M;jamais
blHIVuF4ftibA;gaOI39qNl2RCY;jamais
blHIVuF4ftibA;gaxvvLjHn0mEE;jamais
blHIVuF4ftibA;ga04b5zeP48qY;jamais
blHIVuF4ftibA;gaKDoA9vbfogg;jamais
blHIVuF4ftibA;gapanlqrP.sGw;jamais
blHIVuF4ftibA;gaeXK.Q3eGe9s;jamais
blHIVuF4ftibA;gawAIBKObOA9Q;jamais
blHIVuF4ftibA;gah.mK60Bw7Uc;jamais
blHIVuF4ftibA;ga9.IDu6EOW8.;jamais
blHIVuF4ftibA;gaxRM/r6FWnFA;jamais
blHIVuF4ftibA;gaDQkeyfbTL06;jamais
blHIVuF4ftibA;gaEDNoqjupmBw;jamais
blHIVuF4ftibA;gaJ6.YOe.5N3U;jamais
blHIVuF4ftibA;gaJR.ASLjhozA;jamais
blHIVuF4ftibA;gatgLz1yg7ZAg;jamais
blHIVuF4ftibA;gagPvY7s.SWm6;jamais
blHIVuF4ftibA;ga9Mk0z3gDgsw;jamais
blHIVuF4ftibA;gaDjbE9eBtA1k;jamais
blHIVuF4ftibA;gaYguZ2lOwGz2;jamais
blHIVuF4ftibA;gahiBM5NWYYWc;jamais
blHIVuF4ftibA;gapSBAAD6KAGM;jamais
blHIVuF4ftibA;gaMuBC24u6.OI;trèsbien
blHIVuF4ftibA;gaHWwyaX3DFbU;bien
blHIVuF4ftibA;gaa9XQsW7lnKs;trèsbien
blHIVuF4ftibA;gaZgJ/tt77Xc.;trèsbien
blHIVuF4ftibA;gadWf2MSlDtE6;trèsbien
blHIVuF4ftibA;ga2tObQKD38MQ;trèsbien
blHIVuF4ftibA;gaMyQ2f79mRhE;trèsbien
blHIVuF4ftibA;gazuii0BJkiyo;bien
blHIVuF4ftibA;gaC6WQ.f7kKQc;bien
blHIVuF4ftibA;ga7emFYum9yS2;bien
blHIVuF4ftibA;galS2UFjy/C6s;bien
blHIVuF4ftibA;gas6sO.iWXEqI;bien
blHIVuF4ftibA;gas6sO.iWXEqI;bien
blHIVuF4ftibA;gaS287CQsId9A;bien
blHIVuF4ftibA;gahs//jVoG4cA;bien
blHIVuF4ftibA;ga7TsHlSu8F3E;bien
blHIVuF4ftibA;gavTOkC.twsSQ;bien
blHIVuF4ftibA;gaA5j/.mtXhMI;bien
blHIVuF4ftibA;gar6jfri/CX9Q;bien
blHIVuF4ftibA;gaPs4sTL7qV36;bien
blHIVuF4ftibA;gaBb8wAnm8uDo;bien
blHIVuF4ftibA;gawIG8K0tl6Dg;bien
blHIVuF4ftibA;gaEJonk1WE4qU;bien
blHIVuF4ftibA;ga5Go./f4ADBQ;bien
blHIVuF4ftibA;gaJnYJWP7eDWM;bien
blHIVuF4ftibA;gagAlqup/OJzY;bien
blHIVuF4ftibA;gasXITehXbKB2;bien
blHIVuF4ftibA;ga6FZoRfjLkLA;bien
blHxzJKy1kWeU;ga9Mk0z3gDgsw;jamais
blHxzJKy1kWeU;gaBb8wAnm8uDo;trèsbien
blHxzJKy1kWeU;gas6sO.iWXEqI;bien
blHxzJKy1kWeU;gatfjwrAzu3Fk;bien
blHxzJKy1kWeU;gaPCImsLz2otk;trèsbien
blHxzJKy1kWeU;ga1ohIKbe4v9Y;trèsbien
blHxzJKy1kWeU;gasXITehXbKB2;jamais
blHxzJKy1kWeU;gatgLz1yg7ZAg;trèsbien
blHxzJKy1kWeU;ga9.IDu6EOW8.;jamais
blHxzJKy1kWeU;gaJnYJWP7eDWM;bien
blHxzJKy1kWeU;gadWf2MSlDtE6;trèsbien
blIf9FrZBwJyk;gas6sO.iWXEqI;jamais
blIf9FrZBwJyk;gaBb8wAnm8uDo;jamais
blIf9FrZBwJyk;gar6jfri/CX9Q;bien
blIf9FrZBwJyk;ga5Vc0GOVtSNg;trèsbien
blIf9FrZBwJyk;gazuii0BJkiyo;jamais
blIf9FrZBwJyk;gaPs4sTL7qV36;trèsbien
blIf9FrZBwJyk;gaMuBC24u6.OI;jamais
blIf9FrZBwJyk;ga2tObQKD38MQ;trèsbien
blIf9FrZBwJyk;ga7TsHlSu8F3E;bien
blIf9FrZBwJyk;gakkn4qyveMMg;jamais
blIf9FrZBwJyk;gaJ6.YOe.5N3U;jamais
blIf9FrZBwJyk;ga9lgn1/7AQnA;jamais
blIf9FrZBwJyk;galS2UFjy/C6s;jamais
blIf9FrZBwJyk;gaoCAatnUOVBo;jamais
blIf9FrZBwJyk;gaC6WQ.f7kKQc;jamais
blIf9FrZBwJyk;gavTOkC.twsSQ;bien
blK.9jBCD/SSw;gaPs4sTL7qV36;trèsbien
blK.9jBCD/SSw;gafR8A1Cs4Fy2;trèsbien
blK.9jBCD/SSw;gahs//jVoG4cA;trèsbien
blK.9jBCD/SSw;gaBb8wAnm8uDo;trèsbien
blK.9jBCD/SSw;gabMkDvkMzVEU;bien
blK.9jBCD/SSw;gaEJonk1WE4qU;bien
blK.9jBCD/SSw;gaJnYJWP7eDWM;bien
blK.9jBCD/SSw;ga2tObQKD38MQ;bien
blK.9jBCD/SSw;gaA5j/.mtXhMI;bien
blK.9jBCD/SSw;gahkvMCZIKolA;jamais
blK.9jBCD/SSw;gavTOkC.twsSQ;jamais
blK.9jBCD/SSw;gar6jfri/CX9Q;bien
blK.9jBCD/SSw;gatgLz1yg7ZAg;trèsbien
blK.9jBCD/SSw;ga7TsHlSu8F3E;jamais
blK.9jBCD/SSw;gaoCAatnUOVBo;jamais
blK.9jBCD/SSw;gaHsTozEurw6o;jamais
blK.9jBCD/SSw;ga7emFYum9yS2;jamais
blK.9jBCD/SSw;gaC6WQ.f7kKQc;jamais
blK.9jBCD/SSw;ga9Mk0z3gDgsw;jamais
blK.9jBCD/SSw;gaa9XQsW7lnKs;jamais
blK.9jBCD/SSw;gaIaf9hDfd9gY;jamais
blK.9jBCD/SSw;gaMuBC24u6.OI;jamais
blK.9jBCD/SSw;gaJy31VwBA4IY;jamais
blK.9jBCD/SSw;gaW1hkl16kxoI;jamais
blK.9jBCD/SSw;ga5Vc0GOVtSNg;trèsbien
blK.9jBCD/SSw;gaS287CQsId9A;trèsbien
blK.9jBCD/SSw;gahkvMCZIKolA;jamais
blK.9jBCD/SSw;gaPqBcWWrIKsw;jamais
blKXgoRO0CXOE;gahkvMCZIKolA;bien
blKXgoRO0CXOE;gaw2dFU/DFhQo;bien
blKXgoRO0CXOE;gabMkDvkMzVEU;trèsbien
blKXgoRO0CXOE;galS2UFjy/C6s;jamais
blKXgoRO0CXOE;gaDQkeyfbTL06;bien
blKXgoRO0CXOE;gaPCImsLz2otk;jamais
blKXgoRO0CXOE;ga2tObQKD38MQ;bien
blKsQZNr3tnvw;gaoCAatnUOVBo;trèsbien
blKsQZNr3tnvw;gaPs4sTL7qV36;bien
blKsQZNr3tnvw;gaPCImsLz2otk;trèsbien
blKsQZNr3tnvw;gabMkDvkMzVEU;trèsbien
blMKFlGVYbnSA;gaMyQ2f79mRhE;bien
blMKFlGVYbnSA;gaJy31VwBA4IY;bien
blMKFlGVYbnSA;gah.mK60Bw7Uc;bien
blMKFlGVYbnSA;gaw2dFU/DFhQo;bien
blMKFlGVYbnSA;gaW1hkl16kxoI;trèsbien
blMKFlGVYbnSA;gaqImark5nVDA;trèsbien
blMKFlGVYbnSA;ga2tObQKD38MQ;trèsbien
blMKFlGVYbnSA;ga2f3zAu/j5w6;trèsbien
blNDVy9IQ.pyc;gabMkDvkMzVEU;bien
blNDVy9IQ.pyc;ga9.IDu6EOW8.;bien
blNDVy9IQ.pyc;gawAIBKObOA9Q;bien
blQdUJch/nfDg;gahs//jVoG4cA;trèsbien
blQdUJch/nfDg;gah.mK60Bw7Uc;jamais
blQdUJch/nfDg;gawAIBKObOA9Q;jamais
blQdUJch/nfDg;gaeXK.Q3eGe9s;jamais
blQdUJch/nfDg;gay0.j6cCUFM.;jamais
blQdUJch/nfDg;gaoCAatnUOVBo;jamais
blQdUJch/nfDg;gaHsTozEurw6o;jamais
blQdUJch/nfDg;gaiROloyAFXx.;jamais
blQdUJch/nfDg;ga9lgn1/7AQnA;jamais
blQdUJch/nfDg;gaJR.ASLjhozA;jamais
blQdUJch/nfDg;gatgLz1yg7ZAg;jamais
blQdUJch/nfDg;gas6sO.iWXEqI;jamais
blQdUJch/nfDg;gas6sO.iWXEqI;jamais
blQdUJch/nfDg;gaC6WQ.f7kKQc;jamais
blQdUJch/nfDg;ga9Mk0z3gDgsw;jamais
blQdUJch/nfDg;gadWf2MSlDtE6;jamais
blQdUJch/nfDg;gaZgJ/tt77Xc.;jamais
blQdUJch/nfDg;gaa9XQsW7lnKs;jamais
blQdUJch/nfDg;ga5Vc0GOVtSNg;jamais
blQdUJch/nfDg;gaIaf9hDfd9gY;jamais
blQdUJch/nfDg;gaw2dFU/DFhQo;jamais
blQdUJch/nfDg;gazuii0BJkiyo;jamais
blQdUJch/nfDg;gaMuBC24u6.OI;jamais
blQdUJch/nfDg;gapanlqrP.sGw;jamais
blQdUJch/nfDg;gaKDoA9vbfogg;jamais
blQdUJch/nfDg;gasXITehXbKB2;jamais
blQdUJch/nfDg;gagAlqup/OJzY;jamais
blQdUJch/nfDg;gaJnYJWP7eDWM;jamais
blQdUJch/nfDg;ga5Go./f4ADBQ;jamais
blQdUJch/nfDg;ga.vTZVmBFaC.;jamais
blQdUJch/nfDg;ga04b5zeP48qY;jamais
blQdUJch/nfDg;gaxvvLjHn0mEE;jamais
blQdUJch/nfDg;gaOI39qNl2RCY;jamais
blQdUJch/nfDg;gaBL2hT6mXM7M;jamais
blQdUJch/nfDg;gakS1t04rwavk;jamais
blQdUJch/nfDg;gakkn4qyveMMg;jamais
blQdUJch/nfDg;gaEJonk1WE4qU;jamais
blQdUJch/nfDg;gawIG8K0tl6Dg;jamais
blQdUJch/nfDg;gaBb8wAnm8uDo;jamais
blQdUJch/nfDg;gaA5j/.mtXhMI;jamais
blQdUJch/nfDg;gavTOkC.twsSQ;jamais
blQdUJch/nfDg;gasf0Ta/bDyVc;jamais
blQdUJch/nfDg;gaW9pPhevmmAM;jamais
blQdUJch/nfDg;gahqKClKYywnI;jamais
blQdUJch/nfDg;ga2f3zAu/j5w6;jamais
blQdUJch/nfDg;gaPCImsLz2otk;jamais
blQdUJch/nfDg;gaF3OM0gfNDHM;jamais
blQdUJch/nfDg;gaW1hkl16kxoI;jamais
blQdUJch/nfDg;gabMkDvkMzVEU;jamais
blQdUJch/nfDg;gahkvMCZIKolA;jamais
blQdUJch/nfDg;gahkvMCZIKolA;jamais
blQdUJch/nfDg;gaPqBcWWrIKsw;jamais
blQdUJch/nfDg;ga/mLSm4ai/6g;jamais
blQdUJch/nfDg;ga7TsHlSu8F3E;jamais
blQdUJch/nfDg;ga5EltwHBOBQU;jamais
blQdUJch/nfDg;galS2UFjy/C6s;jamais
blQdUJch/nfDg;gaDsxXn93fXM.;bien
blQdUJch/nfDg;gatfjwrAzu3Fk;bien
blQdUJch/nfDg;gafR8A1Cs4Fy2;bien
blQdUJch/nfDg;gar6jfri/CX9Q;bien
blQdUJch/nfDg;ga2tObQKD38MQ;bien
blQdUJch/nfDg;ga7emFYum9yS2;bien
blQdUJch/nfDg;gaPs4sTL7qV36;trèsbien
blQdUJch/nfDg;gaS287CQsId9A;trèsbien
blQdUJch/nfDg;gaC6WQ.f7kKQc;trèsbien
blQdUJch/nfDg;gagPvY7s.SWm6;trèsbien
blQdUJch/nfDg;ga1ohIKbe4v9Y;jamais
blQdUJch/nfDg;gaDjbE9eBtA1k;jamais
blQdUJch/nfDg;gaYguZ2lOwGz2;jamais
blQdUJch/nfDg;gahiBM5NWYYWc;jamais
blQdUJch/nfDg;gapSBAAD6KAGM;jamais
blQdUJch/nfDg;gaJ6.YOe.5N3U;jamais
blQdUJch/nfDg;gaEDNoqjupmBw;jamais
blQdUJch/nfDg;gaJy31VwBA4IY;jamais
blQdUJch/nfDg;gaDQkeyfbTL06;jamais
blQdUJch/nfDg;gae.ZZuu4G/9c;jamais
blQdUJch/nfDg;ga5JTmKLpYzns;jamais
blQdUJch/nfDg;gaqImark5nVDA;jamais
blQdUJch/nfDg;gaxRM/r6FWnFA;jamais
blQdUJch/nfDg;gaMyQ2f79mRhE;jamais
blQdUJch/nfDg;gaHWwyaX3DFbU;jamais
blQdUJch/nfDg;ga6FZoRfjLkLA;jamais
blQdUJch/nfDg;ga9.IDu6EOW8.;jamais
blSI8b6JyYqHY;gaEJonk1WE4qU;bien
blSI8b6JyYqHY;gar6jfri/CX9Q;trèsbien
blSI8b6JyYqHY;ga5Go./f4ADBQ;jamais
blSI8b6JyYqHY;ga2tObQKD38MQ;trèsbien
blSI8b6JyYqHY;gaDsxXn93fXM.;bien
blSI8b6JyYqHY;gatfjwrAzu3Fk;bien
blUiqJyD6t5eo;ga9.IDu6EOW8.;jamais
blUiqJyD6t5eo;gaDjbE9eBtA1k;jamais
blUiqJyD6t5eo;gapSBAAD6KAGM;jamais
blUiqJyD6t5eo;gaYguZ2lOwGz2;jamais
blUiqJyD6t5eo;gaJ6.YOe.5N3U;jamais
blUiqJyD6t5eo;gaEJonk1WE4qU;bien
blUiqJyD6t5eo;gaPqBcWWrIKsw;trèsbien
blUiqJyD6t5eo;ga7TsHlSu8F3E;trèsbien
blUiqJyD6t5eo;gabMkDvkMzVEU;trèsbien
blUiqJyD6t5eo;gagAlqup/OJzY;trèsbien
blUiqJyD6t5eo;gaZgJ/tt77Xc.;trèsbien
blUiqJyD6t5eo;gatgLz1yg7ZAg;trèsbien
blUiqJyD6t5eo;gaxRM/r6FWnFA;trèsbien
blUiqJyD6t5eo;ga2tObQKD38MQ;trèsbien
blUiqJyD6t5eo;gaS287CQsId9A;bien
blUiqJyD6t5eo;gahs//jVoG4cA;bien
blUiqJyD6t5eo;gawAIBKObOA9Q;bien
blUiqJyD6t5eo;gar6jfri/CX9Q;bien
blUiqJyD6t5eo;gaA5j/.mtXhMI;bien
blUiqJyD6t5eo;gagPvY7s.SWm6;trèsbien
blUiqJyD6t5eo;gaW1hkl16kxoI;jamais
blUiqJyD6t5eo;gaPCImsLz2otk;jamais
blUiqJyD6t5eo;gafR8A1Cs4Fy2;jamais
blUiqJyD6t5eo;gaoCAatnUOVBo;jamais
blUiqJyD6t5eo;gadWf2MSlDtE6;trèsbien
blUiqJyD6t5eo;gaBb8wAnm8uDo;jamais
blUiqJyD6t5eo;ga5Go./f4ADBQ;jamais
blUiqJyD6t5eo;gaeXK.Q3eGe9s;jamais
blUiqJyD6t5eo;gaKDoA9vbfogg;jamais
blUiqJyD6t5eo;gaJnYJWP7eDWM;jamais
blUiqJyD6t5eo;gaHWwyaX3DFbU;jamais
blUiqJyD6t5eo;ga5EltwHBOBQU;jamais
blUiqJyD6t5eo;gay0.j6cCUFM.;jamais
blUiqJyD6t5eo;gaF3OM0gfNDHM;jamais
blUiqJyD6t5eo;gaiROloyAFXx.;bien
blUiqJyD6t5eo;ga5Vc0GOVtSNg;bien
blUiqJyD6t5eo;gas6sO.iWXEqI;bien
blUiqJyD6t5eo;gah.mK60Bw7Uc;jamais
blUiqJyD6t5eo;gaJR.ASLjhozA;jamais
blUiqJyD6t5eo;galS2UFjy/C6s;jamais
blUiqJyD6t5eo;gatfjwrAzu3Fk;jamais
blUiqJyD6t5eo;gakS1t04rwavk;jamais
blUiqJyD6t5eo;ga04b5zeP48qY;jamais
blUiqJyD6t5eo;gasXITehXbKB2;jamais
blUiqJyD6t5eo;gapanlqrP.sGw;jamais
blUiqJyD6t5eo;ga2f3zAu/j5w6;jamais
blUiqJyD6t5eo;gae.ZZuu4G/9c;jamais
blUiqJyD6t5eo;gahkvMCZIKolA;jamais
blUiqJyD6t5eo;gahkvMCZIKolA;jamais
blUiqJyD6t5eo;gaw2dFU/DFhQo;jamais
blUiqJyD6t5eo;gaMuBC24u6.OI;jamais
blUiqJyD6t5eo;ga9Mk0z3gDgsw;jamais
blUiqJyD6t5eo;gas6sO.iWXEqI;jamais
blUiqJyD6t5eo;gawIG8K0tl6Dg;jamais
blUiqJyD6t5eo;ga5JTmKLpYzns;jamais
blUiqJyD6t5eo;gaC6WQ.f7kKQc;jamais
blUiqJyD6t5eo;gaMyQ2f79mRhE;bien
blUiqJyD6t5eo;gaC6WQ.f7kKQc;jamais
blUiqJyD6t5eo;gaIaf9hDfd9gY;jamais
blUiqJyD6t5eo;gakkn4qyveMMg;jamais
blUiqJyD6t5eo;gahiBM5NWYYWc;jamais
blUiqJyD6t5eo;gavTOkC.twsSQ;jamais
blUiqJyD6t5eo;gaBL2hT6mXM7M;jamais
blUiqJyD6t5eo;gaJy31VwBA4IY;jamais
blUiqJyD6t5eo;ga6FZoRfjLkLA;jamais
blUiqJyD6t5eo;gaOI39qNl2RCY;jamais
blUiqJyD6t5eo;gaEDNoqjupmBw;jamais
blUiqJyD6t5eo;gaqImark5nVDA;jamais
blUiqJyD6t5eo;gaDQkeyfbTL06;jamais
blUiqJyD6t5eo;gaa9XQsW7lnKs;jamais
blUiqJyD6t5eo;gaxvvLjHn0mEE;jamais
blUiqJyD6t5eo;ga7emFYum9yS2;trèsbien
blUiqJyD6t5eo;ga5Vc0GOVtSNg;jamais
blUiqJyD6t5eo;gaDsxXn93fXM.;trèsbien
blUiqJyD6t5eo;gaPs4sTL7qV36;trèsbien
blUiqJyD6t5eo;ga9lgn1/7AQnA;jamais
blUiqJyD6t5eo;gaHsTozEurw6o;jamais
blXfmkaW817T6;gar6jfri/CX9Q;bien
blXfmkaW817T6;ga2tObQKD38MQ;trèsbien
blXfmkaW817T6;gaxRM/r6FWnFA;trèsbien
blXfmkaW817T6;gaJ6.YOe.5N3U;jamais
blXfmkaW817T6;ga9.IDu6EOW8.;jamais
blXfmkaW817T6;gaW1hkl16kxoI;jamais
blXfmkaW817T6;ga04b5zeP48qY;jamais
blXfmkaW817T6;gabMkDvkMzVEU;trèsbien
blXfmkaW817T6;gaEJonk1WE4qU;trèsbien
blXfmkaW817T6;gaPCImsLz2otk;jamais
blXfmkaW817T6;gatgLz1yg7ZAg;bien
blXfmkaW817T6;ga5EltwHBOBQU;jamais
blXtkgxAdNzb.;ga5EltwHBOBQU;jamais
blXtkgxAdNzb.;gaiROloyAFXx.;jamais
blXtkgxAdNzb.;gaoCAatnUOVBo;jamais
blXtkgxAdNzb.;gay0.j6cCUFM.;jamais
blXtkgxAdNzb.;ga7TsHlSu8F3E;jamais
blXtkgxAdNzb.;ga/mLSm4ai/6g;jamais
blXtkgxAdNzb.;gaPqBcWWrIKsw;jamais
blXtkgxAdNzb.;gahkvMCZIKolA;jamais
blXtkgxAdNzb.;gahkvMCZIKolA;jamais
blXtkgxAdNzb.;gabMkDvkMzVEU;jamais
blXtkgxAdNzb.;gaW1hkl16kxoI;jamais
blXtkgxAdNzb.;gaF3OM0gfNDHM;jamais
blXtkgxAdNzb.;gaPCImsLz2otk;jamais
blXtkgxAdNzb.;ga2f3zAu/j5w6;jamais
blXtkgxAdNzb.;gahqKClKYywnI;jamais
blXtkgxAdNzb.;gaW9pPhevmmAM;jamais
blXtkgxAdNzb.;gasf0Ta/bDyVc;jamais
blXtkgxAdNzb.;gavTOkC.twsSQ;jamais
blXtkgxAdNzb.;gaBb8wAnm8uDo;jamais
blXtkgxAdNzb.;gawIG8K0tl6Dg;jamais
blXtkgxAdNzb.;gaEJonk1WE4qU;jamais
blXtkgxAdNzb.;gakkn4qyveMMg;jamais
blXtkgxAdNzb.;gakS1t04rwavk;jamais
blXtkgxAdNzb.;gaBL2hT6mXM7M;jamais
blXtkgxAdNzb.;gaOI39qNl2RCY;jamais
blXtkgxAdNzb.;gaxvvLjHn0mEE;jamais
blXtkgxAdNzb.;ga04b5zeP48qY;jamais
blXtkgxAdNzb.;ga.vTZVmBFaC.;jamais
blXtkgxAdNzb.;ga5Go./f4ADBQ;jamais
blXtkgxAdNzb.;gaJnYJWP7eDWM;jamais
blXtkgxAdNzb.;gagAlqup/OJzY;jamais
blXtkgxAdNzb.;gasXITehXbKB2;jamais
blXtkgxAdNzb.;gaKDoA9vbfogg;jamais
blXtkgxAdNzb.;gapanlqrP.sGw;jamais
blXtkgxAdNzb.;gaeXK.Q3eGe9s;jamais
blXtkgxAdNzb.;gawAIBKObOA9Q;jamais
blXtkgxAdNzb.;gah.mK60Bw7Uc;jamais
blXtkgxAdNzb.;ga9.IDu6EOW8.;jamais
blXtkgxAdNzb.;ga6FZoRfjLkLA;jamais
blXtkgxAdNzb.;gaHWwyaX3DFbU;jamais
blXtkgxAdNzb.;gazuii0BJkiyo;jamais
blXtkgxAdNzb.;gaw2dFU/DFhQo;jamais
blXtkgxAdNzb.;gaMuBC24u6.OI;jamais
blXtkgxAdNzb.;gatgLz1yg7ZAg;jamais
blXtkgxAdNzb.;gaA5j/.mtXhMI;jamais
blXtkgxAdNzb.;gaMyQ2f79mRhE;jamais
blXtkgxAdNzb.;gaxRM/r6FWnFA;jamais
blXtkgxAdNzb.;gaqImark5nVDA;jamais
blXtkgxAdNzb.;ga5JTmKLpYzns;jamais
blXtkgxAdNzb.;gae.ZZuu4G/9c;jamais
blXtkgxAdNzb.;gaDQkeyfbTL06;jamais
blXtkgxAdNzb.;gaJy31VwBA4IY;jamais
blXtkgxAdNzb.;gaEDNoqjupmBw;jamais
blXtkgxAdNzb.;gaJ6.YOe.5N3U;jamais
blXtkgxAdNzb.;gapSBAAD6KAGM;jamais
blXtkgxAdNzb.;gahiBM5NWYYWc;jamais
blXtkgxAdNzb.;gaYguZ2lOwGz2;jamais
blXtkgxAdNzb.;gaDjbE9eBtA1k;jamais
blXtkgxAdNzb.;ga1ohIKbe4v9Y;jamais
blXtkgxAdNzb.;ga9Mk0z3gDgsw;jamais
blXtkgxAdNzb.;gaC6WQ.f7kKQc;jamais
blXtkgxAdNzb.;galS2UFjy/C6s;jamais
blXtkgxAdNzb.;gas6sO.iWXEqI;jamais
blXtkgxAdNzb.;gas6sO.iWXEqI;jamais
blXtkgxAdNzb.;ga9lgn1/7AQnA;jamais
blXtkgxAdNzb.;gagPvY7s.SWm6;trèsbien
blXtkgxAdNzb.;gaPs4sTL7qV36;trèsbien
blXtkgxAdNzb.;gaC6WQ.f7kKQc;trèsbien
blXtkgxAdNzb.;gaS287CQsId9A;trèsbien
blXtkgxAdNzb.;gahs//jVoG4cA;trèsbien
blXtkgxAdNzb.;gaDsxXn93fXM.;bien
blXtkgxAdNzb.;ga7emFYum9yS2;bien
blXtkgxAdNzb.;gafR8A1Cs4Fy2;bien
blXtkgxAdNzb.;gatfjwrAzu3Fk;bien
blXtkgxAdNzb.;gar6jfri/CX9Q;bien
blXtkgxAdNzb.;ga2tObQKD38MQ;bien
blXtkgxAdNzb.;gadWf2MSlDtE6;jamais
blXtkgxAdNzb.;gaJR.ASLjhozA;jamais
blXtkgxAdNzb.;gaHsTozEurw6o;jamais
blXtkgxAdNzb.;gaIaf9hDfd9gY;jamais
blXtkgxAdNzb.;ga5Vc0GOVtSNg;jamais
blXtkgxAdNzb.;gaa9XQsW7lnKs;jamais
blXtkgxAdNzb.;gaZgJ/tt77Xc.;jamais
blYb2ABO7EU.M;gagPvY7s.SWm6;trèsbien
blYb2ABO7EU.M;gafR8A1Cs4Fy2;bien
blYb2ABO7EU.M;gakS1t04rwavk;trèsbien
blYb2ABO7EU.M;gatgLz1yg7ZAg;trèsbien
blYb2ABO7EU.M;gaEJonk1WE4qU;bien
blYb2ABO7EU.M;ga2tObQKD38MQ;bien
blZxs/nnNLCos;ga6FZoRfjLkLA;jamais
blZxs/nnNLCos;gatfjwrAzu3Fk;jamais
blZxs/nnNLCos;gaDsxXn93fXM.;jamais
blZxs/nnNLCos;gaMyQ2f79mRhE;jamais
blZxs/nnNLCos;gaxRM/r6FWnFA;jamais
blZxs/nnNLCos;gaqImark5nVDA;jamais
blZxs/nnNLCos;ga5JTmKLpYzns;jamais
blZxs/nnNLCos;gae.ZZuu4G/9c;jamais
blZxs/nnNLCos;gaDQkeyfbTL06;jamais
blZxs/nnNLCos;gaJy31VwBA4IY;jamais
blZxs/nnNLCos;gaEDNoqjupmBw;jamais
blZxs/nnNLCos;gaJ6.YOe.5N3U;jamais
blZxs/nnNLCos;gawAIBKObOA9Q;jamais
blZxs/nnNLCos;gaeXK.Q3eGe9s;jamais
blZxs/nnNLCos;gapanlqrP.sGw;jamais
blZxs/nnNLCos;gaKDoA9vbfogg;jamais
blZxs/nnNLCos;gasXITehXbKB2;jamais
blZxs/nnNLCos;gagAlqup/OJzY;jamais
blZxs/nnNLCos;gaJnYJWP7eDWM;jamais
blZxs/nnNLCos;ga5Go./f4ADBQ;jamais
blZxs/nnNLCos;ga04b5zeP48qY;jamais
blZxs/nnNLCos;gaxvvLjHn0mEE;jamais
blZxs/nnNLCos;gaBL2hT6mXM7M;jamais
blZxs/nnNLCos;gakS1t04rwavk;jamais
blZxs/nnNLCos;gakkn4qyveMMg;jamais
blZxs/nnNLCos;gawIG8K0tl6Dg;jamais
blZxs/nnNLCos;gaBb8wAnm8uDo;jamais
blZxs/nnNLCos;gaPs4sTL7qV36;jamais
blZxs/nnNLCos;gafR8A1Cs4Fy2;jamais
blZxs/nnNLCos;gar6jfri/CX9Q;jamais
blZxs/nnNLCos;ga2tObQKD38MQ;jamais
blZxs/nnNLCos;gaA5j/.mtXhMI;jamais
blZxs/nnNLCos;gavTOkC.twsSQ;jamais
blZxs/nnNLCos;ga2f3zAu/j5w6;jamais
blZxs/nnNLCos;gaPCImsLz2otk;jamais
blZxs/nnNLCos;gaF3OM0gfNDHM;jamais
blZxs/nnNLCos;gaW1hkl16kxoI;jamais
blZxs/nnNLCos;gabMkDvkMzVEU;jamais
blZxs/nnNLCos;gahkvMCZIKolA;jamais
blZxs/nnNLCos;gahkvMCZIKolA;jamais
blZxs/nnNLCos;gaPqBcWWrIKsw;jamais
blZxs/nnNLCos;gay0.j6cCUFM.;jamais
blZxs/nnNLCos;gaoCAatnUOVBo;jamais
blZxs/nnNLCos;gaHsTozEurw6o;jamais
blZxs/nnNLCos;gaiROloyAFXx.;jamais
blZxs/nnNLCos;ga9lgn1/7AQnA;jamais
blZxs/nnNLCos;ga5EltwHBOBQU;jamais
blZxs/nnNLCos;gaJR.ASLjhozA;jamais
blZxs/nnNLCos;gatgLz1yg7ZAg;jamais
blZxs/nnNLCos;gas6sO.iWXEqI;jamais
blZxs/nnNLCos;gas6sO.iWXEqI;jamais
blZxs/nnNLCos;galS2UFjy/C6s;jamais
blZxs/nnNLCos;ga7emFYum9yS2;jamais
blZxs/nnNLCos;gaC6WQ.f7kKQc;jamais
blZxs/nnNLCos;gaC6WQ.f7kKQc;jamais
blZxs/nnNLCos;gagPvY7s.SWm6;jamais
blZxs/nnNLCos;ga9Mk0z3gDgsw;jamais
blZxs/nnNLCos;gadWf2MSlDtE6;jamais
blZxs/nnNLCos;gaZgJ/tt77Xc.;jamais
blZxs/nnNLCos;gaa9XQsW7lnKs;jamais
blZxs/nnNLCos;ga5Vc0GOVtSNg;jamais
blZxs/nnNLCos;gaIaf9hDfd9gY;jamais
blZxs/nnNLCos;ga5Vc0GOVtSNg;jamais
blZxs/nnNLCos;gazuii0BJkiyo;jamais
blZxs/nnNLCos;gaMuBC24u6.OI;jamais
blZxs/nnNLCos;gaS287CQsId9A;bien
blZxs/nnNLCos;gaEJonk1WE4qU;bien
blZxs/nnNLCos;gahs//jVoG4cA;bien
blZxs/nnNLCos;ga7TsHlSu8F3E;bien
blZxs/nnNLCos;gaw2dFU/DFhQo;bien
blZxs/nnNLCos;gaOI39qNl2RCY;trèsbien
blZxs/nnNLCos;gah.mK60Bw7Uc;jamais
blZxs/nnNLCos;ga9.IDu6EOW8.;jamais
blZxs/nnNLCos;gaHWwyaX3DFbU;jamais
blZzwRPNDZpRY;gaJ6.YOe.5N3U;jamais
blZzwRPNDZpRY;gawIG8K0tl6Dg;bien
blZzwRPNDZpRY;gaBb8wAnm8uDo;bien
blZzwRPNDZpRY;gaPs4sTL7qV36;bien
blZzwRPNDZpRY;gafR8A1Cs4Fy2;bien
blZzwRPNDZpRY;ga5Vc0GOVtSNg;trèsbien
blZzwRPNDZpRY;gar6jfri/CX9Q;bien
blZzwRPNDZpRY;ga2tObQKD38MQ;bien
blZzwRPNDZpRY;gaA5j/.mtXhMI;bien
blZzwRPNDZpRY;gavTOkC.twsSQ;bien
blZzwRPNDZpRY;gasf0Ta/bDyVc;bien
blZzwRPNDZpRY;gaW9pPhevmmAM;bien
blZzwRPNDZpRY;gahqKClKYywnI;bien
blZzwRPNDZpRY;gaS287CQsId9A;bien
blZzwRPNDZpRY;gaiROloyAFXx.;bien
blZzwRPNDZpRY;ga9lgn1/7AQnA;bien
blZzwRPNDZpRY;ga5EltwHBOBQU;bien
blZzwRPNDZpRY;gaJR.ASLjhozA;bien
blZzwRPNDZpRY;gatgLz1yg7ZAg;bien
blZzwRPNDZpRY;gas6sO.iWXEqI;bien
blZzwRPNDZpRY;gas6sO.iWXEqI;bien
blZzwRPNDZpRY;galS2UFjy/C6s;bien
blZzwRPNDZpRY;ga7emFYum9yS2;bien
blZzwRPNDZpRY;gaC6WQ.f7kKQc;bien
blZzwRPNDZpRY;gaC6WQ.f7kKQc;bien
blZzwRPNDZpRY;gadWf2MSlDtE6;bien
blZzwRPNDZpRY;gaZgJ/tt77Xc.;bien
blZzwRPNDZpRY;gaa9XQsW7lnKs;bien
blZzwRPNDZpRY;gaIaf9hDfd9gY;trèsbien
blZzwRPNDZpRY;ga5Vc0GOVtSNg;trèsbien
blZzwRPNDZpRY;gaOI39qNl2RCY;trèsbien
blZzwRPNDZpRY;gagAlqup/OJzY;jamais
blZzwRPNDZpRY;gapanlqrP.sGw;jamais
blZzwRPNDZpRY;gaDsxXn93fXM.;jamais
blZzwRPNDZpRY;ga04b5zeP48qY;jamais
blZzwRPNDZpRY;ga.vTZVmBFaC.;jamais
blZzwRPNDZpRY;ga5Go./f4ADBQ;jamais
blZzwRPNDZpRY;gaJnYJWP7eDWM;jamais
blZzwRPNDZpRY;gaKDoA9vbfogg;jamais
blZzwRPNDZpRY;gaMuBC24u6.OI;trèsbien
blZzwRPNDZpRY;gazuii0BJkiyo;trèsbien
blZzwRPNDZpRY;gaw2dFU/DFhQo;trèsbien
blZzwRPNDZpRY;ga9Mk0z3gDgsw;trèsbien
blZzwRPNDZpRY;gagPvY7s.SWm6;trèsbien
blZzwRPNDZpRY;gaxvvLjHn0mEE;jamais
blZzwRPNDZpRY;gasXITehXbKB2;jamais
blZzwRPNDZpRY;gaeXK.Q3eGe9s;jamais
blZzwRPNDZpRY;gawAIBKObOA9Q;jamais
blZzwRPNDZpRY;gah.mK60Bw7Uc;jamais
blZzwRPNDZpRY;ga9.IDu6EOW8.;jamais
blZzwRPNDZpRY;ga6FZoRfjLkLA;jamais
blZzwRPNDZpRY;gaHWwyaX3DFbU;jamais
blZzwRPNDZpRY;gatfjwrAzu3Fk;jamais
blZzwRPNDZpRY;gaMyQ2f79mRhE;jamais
blZzwRPNDZpRY;gaxRM/r6FWnFA;jamais
blZzwRPNDZpRY;gaqImark5nVDA;jamais
blZzwRPNDZpRY;ga5JTmKLpYzns;jamais
blZzwRPNDZpRY;gae.ZZuu4G/9c;jamais
blZzwRPNDZpRY;gaDQkeyfbTL06;jamais
blZzwRPNDZpRY;gaJy31VwBA4IY;jamais
blZzwRPNDZpRY;gaEDNoqjupmBw;jamais
blZzwRPNDZpRY;gaBL2hT6mXM7M;bien
blZzwRPNDZpRY;gapSBAAD6KAGM;jamais
blZzwRPNDZpRY;gahiBM5NWYYWc;jamais
blZzwRPNDZpRY;gaYguZ2lOwGz2;jamais
blZzwRPNDZpRY;gaDjbE9eBtA1k;jamais
blZzwRPNDZpRY;ga1ohIKbe4v9Y;jamais
blZzwRPNDZpRY;gaEJonk1WE4qU;bien
blZzwRPNDZpRY;gakkn4qyveMMg;bien
blZzwRPNDZpRY;gakS1t04rwavk;bien
blaADEMnN043A;gaW1hkl16kxoI;jamais
blaADEMnN043A;ga7TsHlSu8F3E;jamais
blaADEMnN043A;ga9Mk0z3gDgsw;jamais
blaADEMnN043A;gatgLz1yg7ZAg;bien
blaADEMnN043A;gaJnYJWP7eDWM;bien
blaADEMnN043A;gas6sO.iWXEqI;bien
blaADEMnN043A;gaBb8wAnm8uDo;trèsbien
blaADEMnN043A;gaJR.ASLjhozA;bien
blaADEMnN043A;gadWf2MSlDtE6;trèsbien
blaADEMnN043A;ga1ohIKbe4v9Y;trèsbien
blaADEMnN043A;ga9.IDu6EOW8.;jamais
blaADEMnN043A;ga04b5zeP48qY;jamais
blaIQ61DLW6uc;gagAlqup/OJzY;jamais
blaIQ61DLW6uc;gazuii0BJkiyo;trèsbien
blaIQ61DLW6uc;ga5Vc0GOVtSNg;trèsbien
blaIQ61DLW6uc;gagPvY7s.SWm6;trèsbien
blaIQ61DLW6uc;gaPs4sTL7qV36;trèsbien
blaIQ61DLW6uc;gaDsxXn93fXM.;trèsbien
blaIQ61DLW6uc;gadWf2MSlDtE6;trèsbien
blaIQ61DLW6uc;gafR8A1Cs4Fy2;trèsbien
blaIQ61DLW6uc;gaBb8wAnm8uDo;trèsbien
blaIQ61DLW6uc;gatgLz1yg7ZAg;trèsbien
blaIQ61DLW6uc;gaxRM/r6FWnFA;trèsbien
blaIQ61DLW6uc;ga2tObQKD38MQ;trèsbien
blaIQ61DLW6uc;gaEJonk1WE4qU;trèsbien
blaIQ61DLW6uc;gaJy31VwBA4IY;bien
blaIQ61DLW6uc;gaA5j/.mtXhMI;bien
blaIQ61DLW6uc;ga7emFYum9yS2;bien
blaIQ61DLW6uc;gaC6WQ.f7kKQc;bien
blaIQ61DLW6uc;gawIG8K0tl6Dg;bien
blaIQ61DLW6uc;ga5Vc0GOVtSNg;bien
blaIQ61DLW6uc;gahs//jVoG4cA;bien
blaIQ61DLW6uc;gae.ZZuu4G/9c;bien
blaIQ61DLW6uc;gaJR.ASLjhozA;bien
blaIQ61DLW6uc;gatfjwrAzu3Fk;bien
blaIQ61DLW6uc;gawAIBKObOA9Q;bien
blaIQ61DLW6uc;gaeXK.Q3eGe9s;bien
blaIQ61DLW6uc;gar6jfri/CX9Q;bien
blaIQ61DLW6uc;gaMyQ2f79mRhE;bien
blaIQ61DLW6uc;gabMkDvkMzVEU;bien
blaIQ61DLW6uc;gaJ6.YOe.5N3U;jamais
blaIQ61DLW6uc;gapSBAAD6KAGM;jamais
blaIQ61DLW6uc;gaDjbE9eBtA1k;jamais
blaIQ61DLW6uc;ga6FZoRfjLkLA;jamais
blaIQ61DLW6uc;gaC6WQ.f7kKQc;jamais
blaIQ61DLW6uc;ga5JTmKLpYzns;jamais
blaIQ61DLW6uc;gas6sO.iWXEqI;jamais
blaIQ61DLW6uc;gas6sO.iWXEqI;jamais
blaIQ61DLW6uc;ga9Mk0z3gDgsw;jamais
blaIQ61DLW6uc;gaMuBC24u6.OI;jamais
blaIQ61DLW6uc;gaw2dFU/DFhQo;jamais
blaIQ61DLW6uc;gaIaf9hDfd9gY;jamais
blaIQ61DLW6uc;gakkn4qyveMMg;jamais
blaIQ61DLW6uc;gaBL2hT6mXM7M;jamais
blaIQ61DLW6uc;gavTOkC.twsSQ;jamais
blaIQ61DLW6uc;gahiBM5NWYYWc;jamais
blaIQ61DLW6uc;gaoCAatnUOVBo;jamais
blaIQ61DLW6uc;gaW1hkl16kxoI;jamais
blaIQ61DLW6uc;gaF3OM0gfNDHM;jamais
blaIQ61DLW6uc;gaPqBcWWrIKsw;jamais
blaIQ61DLW6uc;gay0.j6cCUFM.;jamais
blaIQ61DLW6uc;gaiROloyAFXx.;jamais
blaIQ61DLW6uc;ga5EltwHBOBQU;jamais
blaIQ61DLW6uc;gaHsTozEurw6o;jamais
blaIQ61DLW6uc;ga7TsHlSu8F3E;jamais
blaIQ61DLW6uc;ga9lgn1/7AQnA;jamais
blaIQ61DLW6uc;gahkvMCZIKolA;jamais
blaIQ61DLW6uc;gahkvMCZIKolA;jamais
blaIQ61DLW6uc;gaS287CQsId9A;jamais
blaIQ61DLW6uc;ga2f3zAu/j5w6;jamais
blaIQ61DLW6uc;gapanlqrP.sGw;jamais
blaIQ61DLW6uc;gasXITehXbKB2;jamais
blaIQ61DLW6uc;gah.mK60Bw7Uc;jamais
blaIQ61DLW6uc;galS2UFjy/C6s;jamais
blaIQ61DLW6uc;gakS1t04rwavk;jamais
blaIQ61DLW6uc;ga04b5zeP48qY;jamais
blaIQ61DLW6uc;gaZgJ/tt77Xc.;jamais
blaIQ61DLW6uc;ga5Go./f4ADBQ;jamais
blaIQ61DLW6uc;gaKDoA9vbfogg;jamais
blaIQ61DLW6uc;gaJnYJWP7eDWM;jamais
blaIQ61DLW6uc;gaHWwyaX3DFbU;jamais
blaIQ61DLW6uc;ga9.IDu6EOW8.;jamais
blaIQ61DLW6uc;gaOI39qNl2RCY;jamais
blaIQ61DLW6uc;gaEDNoqjupmBw;jamais
blaIQ61DLW6uc;gaqImark5nVDA;jamais
blaIQ61DLW6uc;gaDQkeyfbTL06;jamais
blaIQ61DLW6uc;gaa9XQsW7lnKs;jamais
blaIQ61DLW6uc;gaxvvLjHn0mEE;jamais
blaIQ61DLW6uc;gaYguZ2lOwGz2;jamais
blaIQ61DLW6uc;gaPCImsLz2otk;jamais
blbKjW2k4.8xo;ga5Vc0GOVtSNg;bien
blbKjW2k4.8xo;gaDsxXn93fXM.;trèsbien
blbKjW2k4.8xo;gaPs4sTL7qV36;trèsbien
blbKjW2k4.8xo;gahqKClKYywnI;jamais
blbKjW2k4.8xo;ga2f3zAu/j5w6;jamais
blbKjW2k4.8xo;gaPCImsLz2otk;jamais
blbKjW2k4.8xo;gaF3OM0gfNDHM;jamais
blbKjW2k4.8xo;gaW1hkl16kxoI;jamais
blbKjW2k4.8xo;gabMkDvkMzVEU;jamais
blbKjW2k4.8xo;gahkvMCZIKolA;jamais
blbKjW2k4.8xo;gahkvMCZIKolA;jamais
blbKjW2k4.8xo;gaMyQ2f79mRhE;trèsbien
blbKjW2k4.8xo;ga7TsHlSu8F3E;jamais
blbKjW2k4.8xo;gaiROloyAFXx.;jamais
blbKjW2k4.8xo;ga5Vc0GOVtSNg;bien
blbKjW2k4.8xo;gae.ZZuu4G/9c;bien
blbKjW2k4.8xo;gaxRM/r6FWnFA;trèsbien
blbfVllTjpkQY;gaPCImsLz2otk;jamais
blbfVllTjpkQY;gakS1t04rwavk;jamais
blbfVllTjpkQY;gahiBM5NWYYWc;jamais
blbfVllTjpkQY;gasXITehXbKB2;bien
blbfVllTjpkQY;gasf0Ta/bDyVc;bien
blbfVllTjpkQY;gaW9pPhevmmAM;bien
blbfVllTjpkQY;gaMyQ2f79mRhE;bien
blbfVllTjpkQY;gaYguZ2lOwGz2;jamais
blbfVllTjpkQY;ga2f3zAu/j5w6;jamais
blbfVllTjpkQY;gahqKClKYywnI;trèsbien
blbfVllTjpkQY;gaHWwyaX3DFbU;trèsbien
blbfVllTjpkQY;gaPs4sTL7qV36;trèsbien
blbfVllTjpkQY;gar6jfri/CX9Q;trèsbien
blbfVllTjpkQY;ga2tObQKD38MQ;trèsbien
blbfVllTjpkQY;gaDjbE9eBtA1k;jamais
blbfVllTjpkQY;ga1ohIKbe4v9Y;jamais
blbkl9iy6NSzQ;gahkvMCZIKolA;bien
blbkl9iy6NSzQ;gabMkDvkMzVEU;trèsbien
blbkl9iy6NSzQ;ga7emFYum9yS2;trèsbien
blbkl9iy6NSzQ;ga5Vc0GOVtSNg;trèsbien
blddve1gjnw96;gar6jfri/CX9Q;bien
blddve1gjnw96;gaPs4sTL7qV36;bien
blddve1gjnw96;gaBb8wAnm8uDo;bien
blddve1gjnw96;gawIG8K0tl6Dg;bien
blddve1gjnw96;gaEJonk1WE4qU;bien
blddve1gjnw96;ga5Go./f4ADBQ;bien
blddve1gjnw96;gaJnYJWP7eDWM;bien
blddve1gjnw96;gagAlqup/OJzY;bien
blddve1gjnw96;gasXITehXbKB2;bien
blddve1gjnw96;ga6FZoRfjLkLA;bien
blddve1gjnw96;gaHWwyaX3DFbU;bien
blddve1gjnw96;gatfjwrAzu3Fk;bien
blddve1gjnw96;gaDsxXn93fXM.;bien
blddve1gjnw96;gaqImark5nVDA;bien
blddve1gjnw96;ga5JTmKLpYzns;bien
blddve1gjnw96;gae.ZZuu4G/9c;bien
blddve1gjnw96;gaJy31VwBA4IY;bien
blddve1gjnw96;ga5Vc0GOVtSNg;jamais
blddve1gjnw96;gaIaf9hDfd9gY;jamais
blddve1gjnw96;ga5Vc0GOVtSNg;jamais
blddve1gjnw96;gaC6WQ.f7kKQc;jamais
blddve1gjnw96;ga5EltwHBOBQU;jamais
blddve1gjnw96;ga9lgn1/7AQnA;jamais
blddve1gjnw96;gaiROloyAFXx.;jamais
blddve1gjnw96;gaHsTozEurw6o;jamais
blddve1gjnw96;gaoCAatnUOVBo;jamais
blddve1gjnw96;gay0.j6cCUFM.;jamais
blddve1gjnw96;gaPqBcWWrIKsw;jamais
blddve1gjnw96;gahkvMCZIKolA;jamais
blddve1gjnw96;gahkvMCZIKolA;jamais
blddve1gjnw96;gabMkDvkMzVEU;jamais
blddve1gjnw96;gaW1hkl16kxoI;jamais
blddve1gjnw96;gaF3OM0gfNDHM;jamais
blddve1gjnw96;gaPCImsLz2otk;jamais
blddve1gjnw96;ga2f3zAu/j5w6;jamais
blddve1gjnw96;gaA5j/.mtXhMI;bien
blddve1gjnw96;ga04b5zeP48qY;jamais
blddve1gjnw96;gaxvvLjHn0mEE;jamais
blddve1gjnw96;gaOI39qNl2RCY;jamais
blddve1gjnw96;gaBL2hT6mXM7M;jamais
blddve1gjnw96;gakS1t04rwavk;jamais
blddve1gjnw96;gakkn4qyveMMg;jamais
blddve1gjnw96;gafR8A1Cs4Fy2;jamais
blddve1gjnw96;gatgLz1yg7ZAg;jamais
blddve1gjnw96;gagPvY7s.SWm6;jamais
blddve1gjnw96;ga9Mk0z3gDgsw;jamais
blddve1gjnw96;gaDjbE9eBtA1k;jamais
blddve1gjnw96;gaYguZ2lOwGz2;jamais
blddve1gjnw96;gahiBM5NWYYWc;jamais
blddve1gjnw96;gapSBAAD6KAGM;jamais
blddve1gjnw96;gaJ6.YOe.5N3U;jamais
blddve1gjnw96;gaJR.ASLjhozA;jamais
blddve1gjnw96;gaMuBC24u6.OI;trèsbien
blddve1gjnw96;gaw2dFU/DFhQo;trèsbien
blddve1gjnw96;gaa9XQsW7lnKs;trèsbien
blddve1gjnw96;gaZgJ/tt77Xc.;trèsbien
blddve1gjnw96;gadWf2MSlDtE6;trèsbien
blddve1gjnw96;ga2tObQKD38MQ;trèsbien
blddve1gjnw96;gavTOkC.twsSQ;bien
blddve1gjnw96;ga7TsHlSu8F3E;bien
blddve1gjnw96;gahs//jVoG4cA;bien
blddve1gjnw96;gaS287CQsId9A;bien
blddve1gjnw96;gas6sO.iWXEqI;bien
blddve1gjnw96;gas6sO.iWXEqI;bien
blddve1gjnw96;galS2UFjy/C6s;bien
blddve1gjnw96;ga7emFYum9yS2;bien
blddve1gjnw96;gaC6WQ.f7kKQc;bien
blddve1gjnw96;gazuii0BJkiyo;bien
blddve1gjnw96;gaKDoA9vbfogg;jamais
blddve1gjnw96;gapanlqrP.sGw;jamais
blddve1gjnw96;gaeXK.Q3eGe9s;jamais
blddve1gjnw96;gawAIBKObOA9Q;jamais
blddve1gjnw96;gah.mK60Bw7Uc;jamais
blddve1gjnw96;ga9.IDu6EOW8.;jamais
blddve1gjnw96;gaxRM/r6FWnFA;jamais
blddve1gjnw96;gaMyQ2f79mRhE;trèsbien
blddve1gjnw96;gaDQkeyfbTL06;jamais
blddve1gjnw96;gaEDNoqjupmBw;jamais
blfIGd5mN48z2;gaMyQ2f79mRhE;jamais
blfIGd5mN48z2;gaPCImsLz2otk;jamais
blfIGd5mN48z2;gaF3OM0gfNDHM;jamais
blfIGd5mN48z2;gaW1hkl16kxoI;jamais
blfIGd5mN48z2;gahkvMCZIKolA;jamais
blfIGd5mN48z2;gahkvMCZIKolA;jamais
blfIGd5mN48z2;gaPqBcWWrIKsw;jamais
blfIGd5mN48z2;gay0.j6cCUFM.;jamais
blfIGd5mN48z2;gaoCAatnUOVBo;jamais
blfIGd5mN48z2;gaHsTozEurw6o;jamais
blfIGd5mN48z2;gaiROloyAFXx.;jamais
blfIGd5mN48z2;ga9lgn1/7AQnA;jamais
blfIGd5mN48z2;ga5EltwHBOBQU;jamais
blfIGd5mN48z2;gaJR.ASLjhozA;jamais
blfIGd5mN48z2;gas6sO.iWXEqI;jamais
blfIGd5mN48z2;gas6sO.iWXEqI;jamais
blfIGd5mN48z2;galS2UFjy/C6s;jamais
blfIGd5mN48z2;gavTOkC.twsSQ;jamais
blfIGd5mN48z2;ga7emFYum9yS2;jamais
blfIGd5mN48z2;gaC6WQ.f7kKQc;jamais
blfIGd5mN48z2;gaA5j/.mtXhMI;jamais
blfIGd5mN48z2;gafR8A1Cs4Fy2;jamais
blfIGd5mN48z2;gaPs4sTL7qV36;jamais
blfIGd5mN48z2;gawIG8K0tl6Dg;jamais
blfIGd5mN48z2;gaEJonk1WE4qU;jamais
blfIGd5mN48z2;gakkn4qyveMMg;jamais
blfIGd5mN48z2;gaOI39qNl2RCY;jamais
blfIGd5mN48z2;gaxvvLjHn0mEE;jamais
blfIGd5mN48z2;ga04b5zeP48qY;jamais
blfIGd5mN48z2;ga5Go./f4ADBQ;jamais
blfIGd5mN48z2;gaJnYJWP7eDWM;jamais
blfIGd5mN48z2;gagAlqup/OJzY;jamais
blfIGd5mN48z2;gaC6WQ.f7kKQc;jamais
blfIGd5mN48z2;gagPvY7s.SWm6;jamais
blfIGd5mN48z2;ga9Mk0z3gDgsw;jamais
blfIGd5mN48z2;gadWf2MSlDtE6;jamais
blfIGd5mN48z2;gaZgJ/tt77Xc.;jamais
blfIGd5mN48z2;gaa9XQsW7lnKs;jamais
blfIGd5mN48z2;gazuii0BJkiyo;jamais
blfIGd5mN48z2;gaMuBC24u6.OI;jamais
blfIGd5mN48z2;gabMkDvkMzVEU;trèsbien
blfIGd5mN48z2;gahs//jVoG4cA;trèsbien
blfIGd5mN48z2;gaS287CQsId9A;trèsbien
blfIGd5mN48z2;ga2tObQKD38MQ;trèsbien
blfIGd5mN48z2;gar6jfri/CX9Q;trèsbien
blfIGd5mN48z2;ga7TsHlSu8F3E;trèsbien
blfIGd5mN48z2;gakS1t04rwavk;bien
blfIGd5mN48z2;gasXITehXbKB2;jamais
blfIGd5mN48z2;gaKDoA9vbfogg;jamais
blfIGd5mN48z2;gapanlqrP.sGw;jamais
blfIGd5mN48z2;gaeXK.Q3eGe9s;jamais
blfIGd5mN48z2;gawAIBKObOA9Q;jamais
blfIGd5mN48z2;gah.mK60Bw7Uc;jamais
blfIGd5mN48z2;ga9.IDu6EOW8.;jamais
blfIGd5mN48z2;ga6FZoRfjLkLA;jamais
blfIGd5mN48z2;gaJ6.YOe.5N3U;jamais
blfIGd5mN48z2;gaEDNoqjupmBw;jamais
blfIGd5mN48z2;gaJy31VwBA4IY;jamais
blfIGd5mN48z2;gaDQkeyfbTL06;jamais
blfIGd5mN48z2;gae.ZZuu4G/9c;jamais
blfIGd5mN48z2;ga5JTmKLpYzns;jamais
blfIGd5mN48z2;gaqImark5nVDA;jamais
blfIGd5mN48z2;gaxRM/r6FWnFA;jamais
blfIGd5mN48z2;gaHWwyaX3DFbU;jamais
blfIGd5mN48z2;gaDsxXn93fXM.;jamais
blfIGd5mN48z2;gatfjwrAzu3Fk;jamais
blfIGd5mN48z2;gatgLz1yg7ZAg;bien
blfIGd5mN48z2;ga5Vc0GOVtSNg;bien
blfIGd5mN48z2;gaw2dFU/DFhQo;bien
blfIGd5mN48z2;gaBL2hT6mXM7M;bien
blfIGd5mN48z2;gaBb8wAnm8uDo;bien
blfIGd5mN48z2;ga2f3zAu/j5w6;jamais
blg1OtiwNMDAs;gas6sO.iWXEqI;jamais
blg1OtiwNMDAs;gaa9XQsW7lnKs;jamais
blg1OtiwNMDAs;ga9Mk0z3gDgsw;jamais
blg1OtiwNMDAs;gaDsxXn93fXM.;bien
blg1OtiwNMDAs;gaJnYJWP7eDWM;bien
blg1OtiwNMDAs;gaxvvLjHn0mEE;bien
blg1OtiwNMDAs;gaBL2hT6mXM7M;trèsbien
blg1OtiwNMDAs;gakS1t04rwavk;trèsbien
blg1OtiwNMDAs;gaC6WQ.f7kKQc;trèsbien
blg8PMUnKJxes;gaHWwyaX3DFbU;trèsbien
blg8PMUnKJxes;gaPs4sTL7qV36;trèsbien
blg8PMUnKJxes;gahqKClKYywnI;trèsbien
blg8PMUnKJxes;gaPCImsLz2otk;jamais
blg8PMUnKJxes;gasf0Ta/bDyVc;bien
blg8PMUnKJxes;gasXITehXbKB2;bien
blg8PMUnKJxes;gaMyQ2f79mRhE;bien
blg8PMUnKJxes;gaW9pPhevmmAM;bien
blg8PMUnKJxes;ga2f3zAu/j5w6;jamais
blg8PMUnKJxes;gahiBM5NWYYWc;jamais
blg8PMUnKJxes;gaYguZ2lOwGz2;jamais
blg8PMUnKJxes;gaDjbE9eBtA1k;jamais
blg8PMUnKJxes;ga1ohIKbe4v9Y;jamais
blg8PMUnKJxes;gakS1t04rwavk;jamais
blg8PMUnKJxes;ga2tObQKD38MQ;trèsbien
blg8PMUnKJxes;gar6jfri/CX9Q;trèsbien
blginkLBh0Sf.;ga5Vc0GOVtSNg;jamais
blginkLBh0Sf.;gaxRM/r6FWnFA;bien
blginkLBh0Sf.;gawAIBKObOA9Q;bien
blginkLBh0Sf.;gaPs4sTL7qV36;trèsbien
blginkLBh0Sf.;gaHsTozEurw6o;bien
blginkLBh0Sf.;ga5Vc0GOVtSNg;jamais
blginkLBh0Sf.;gaIaf9hDfd9gY;jamais
blginkLBh0Sf.;gaw2dFU/DFhQo;jamais
blginkLBh0Sf.;gazuii0BJkiyo;jamais
blginkLBh0Sf.;gaMuBC24u6.OI;jamais
blginkLBh0Sf.;gaJy31VwBA4IY;bien
blh9lEioXhmgc;ga5Vc0GOVtSNg;trèsbien
blh9lEioXhmgc;ga7emFYum9yS2;trèsbien
blh9lEioXhmgc;gabMkDvkMzVEU;trèsbien
blh9lEioXhmgc;gahkvMCZIKolA;bien
blhai4aeyq8rU;gaMuBC24u6.OI;bien
blhnNMwGPnuNc;gaw2dFU/DFhQo;jamais
blhnNMwGPnuNc;gaMuBC24u6.OI;jamais
blhnNMwGPnuNc;gas6sO.iWXEqI;jamais
blhnNMwGPnuNc;gadWf2MSlDtE6;jamais
blhnNMwGPnuNc;gaC6WQ.f7kKQc;jamais
blhnNMwGPnuNc;gaa9XQsW7lnKs;bien
blhnNMwGPnuNc;gaeXK.Q3eGe9s;bien
blhnNMwGPnuNc;gah.mK60Bw7Uc;trèsbien
blhnNMwGPnuNc;gagPvY7s.SWm6;bien
blhnNMwGPnuNc;ga7TsHlSu8F3E;bien
blhnNMwGPnuNc;gaPCImsLz2otk;bien
blhnNMwGPnuNc;gay0.j6cCUFM.;jamais
blhnNMwGPnuNc;ga5EltwHBOBQU;trèsbien
blhnNMwGPnuNc;gaS287CQsId9A;jamais
blhnNMwGPnuNc;gahs//jVoG4cA;jamais
blhnNMwGPnuNc;gatgLz1yg7ZAg;jamais
blhnNMwGPnuNc;gasXITehXbKB2;trèsbien
blhnNMwGPnuNc;galS2UFjy/C6s;trèsbien
blhnNMwGPnuNc;gaIaf9hDfd9gY;bien
blhnNMwGPnuNc;ga5Vc0GOVtSNg;jamais
blhnNMwGPnuNc;gaoCAatnUOVBo;jamais
blhnNMwGPnuNc;gazuii0BJkiyo;jamais
bliYbAmgGkzSI;gaJnYJWP7eDWM;jamais
bliYbAmgGkzSI;ga04b5zeP48qY;jamais
bliYbAmgGkzSI;gaxvvLjHn0mEE;jamais
bliYbAmgGkzSI;gaOI39qNl2RCY;jamais
bliYbAmgGkzSI;gabMkDvkMzVEU;bien
bliYbAmgGkzSI;gavTOkC.twsSQ;bien
bliYbAmgGkzSI;gaA5j/.mtXhMI;bien
bliYbAmgGkzSI;ga2tObQKD38MQ;bien
bliYbAmgGkzSI;gaEJonk1WE4qU;bien
bliYbAmgGkzSI;gaDsxXn93fXM.;bien
bliYbAmgGkzSI;gaxRM/r6FWnFA;bien
bliYbAmgGkzSI;gazuii0BJkiyo;trèsbien
bliYbAmgGkzSI;gatgLz1yg7ZAg;trèsbien
bliYbAmgGkzSI;gaBb8wAnm8uDo;trèsbien
bliYbAmgGkzSI;ga9Mk0z3gDgsw;jamais
bliYbAmgGkzSI;ga5Vc0GOVtSNg;jamais
bliYbAmgGkzSI;gaa9XQsW7lnKs;jamais
bliYbAmgGkzSI;gaZgJ/tt77Xc.;jamais
bliYbAmgGkzSI;gaS287CQsId9A;jamais
bliYbAmgGkzSI;gahs//jVoG4cA;jamais
bliYbAmgGkzSI;gaw2dFU/DFhQo;jamais
bliYbAmgGkzSI;gaMuBC24u6.OI;jamais
bliYbAmgGkzSI;ga5Vc0GOVtSNg;jamais
bliYbAmgGkzSI;gaIaf9hDfd9gY;jamais
bliYbAmgGkzSI;gagPvY7s.SWm6;jamais
bliYbAmgGkzSI;gaC6WQ.f7kKQc;jamais
bliYbAmgGkzSI;gaC6WQ.f7kKQc;jamais
bliYbAmgGkzSI;ga7emFYum9yS2;jamais
bliYbAmgGkzSI;gas6sO.iWXEqI;jamais
bliYbAmgGkzSI;gas6sO.iWXEqI;jamais
bliYbAmgGkzSI;galS2UFjy/C6s;jamais
bliYbAmgGkzSI;gaJR.ASLjhozA;jamais
bliYbAmgGkzSI;ga9lgn1/7AQnA;jamais
bliYbAmgGkzSI;gaiROloyAFXx.;jamais
bliYbAmgGkzSI;gaHsTozEurw6o;jamais
bliYbAmgGkzSI;gaoCAatnUOVBo;jamais
bliYbAmgGkzSI;gay0.j6cCUFM.;jamais
bliYbAmgGkzSI;ga7TsHlSu8F3E;jamais
bliYbAmgGkzSI;gaPqBcWWrIKsw;jamais
bliYbAmgGkzSI;gahkvMCZIKolA;jamais
bliYbAmgGkzSI;gahkvMCZIKolA;jamais
bliYbAmgGkzSI;gaW1hkl16kxoI;jamais
bliYbAmgGkzSI;gaF3OM0gfNDHM;jamais
bliYbAmgGkzSI;gaPCImsLz2otk;jamais
bliYbAmgGkzSI;ga2f3zAu/j5w6;jamais
bliYbAmgGkzSI;gar6jfri/CX9Q;jamais
bliYbAmgGkzSI;gaPs4sTL7qV36;jamais
bliYbAmgGkzSI;gakkn4qyveMMg;jamais
bliYbAmgGkzSI;gakS1t04rwavk;jamais
bliYbAmgGkzSI;gaBL2hT6mXM7M;jamais
bliYbAmgGkzSI;gaDjbE9eBtA1k;jamais
bliYbAmgGkzSI;gaYguZ2lOwGz2;jamais
bliYbAmgGkzSI;gahiBM5NWYYWc;jamais
bliYbAmgGkzSI;gapSBAAD6KAGM;jamais
bliYbAmgGkzSI;gaJ6.YOe.5N3U;jamais
bliYbAmgGkzSI;gaEDNoqjupmBw;jamais
bliYbAmgGkzSI;gaJy31VwBA4IY;jamais
bliYbAmgGkzSI;gaDQkeyfbTL06;jamais
bliYbAmgGkzSI;gae.ZZuu4G/9c;jamais
bliYbAmgGkzSI;ga5JTmKLpYzns;jamais
bliYbAmgGkzSI;gaqImark5nVDA;jamais
bliYbAmgGkzSI;gaMyQ2f79mRhE;jamais
bliYbAmgGkzSI;gatfjwrAzu3Fk;jamais
bliYbAmgGkzSI;gaHWwyaX3DFbU;jamais
bliYbAmgGkzSI;ga6FZoRfjLkLA;jamais
bliYbAmgGkzSI;ga9.IDu6EOW8.;jamais
bliYbAmgGkzSI;gah.mK60Bw7Uc;jamais
bliYbAmgGkzSI;gawAIBKObOA9Q;jamais
bliYbAmgGkzSI;gaeXK.Q3eGe9s;jamais
bliYbAmgGkzSI;gapanlqrP.sGw;jamais
bliYbAmgGkzSI;gaKDoA9vbfogg;jamais
bliYbAmgGkzSI;gasXITehXbKB2;jamais
bliYbAmgGkzSI;gagAlqup/OJzY;jamais
bliYbAmgGkzSI;ga5Go./f4ADBQ;jamais
bljdvFfVzFYBk;galS2UFjy/C6s;trèsbien
bljdvFfVzFYBk;gaoCAatnUOVBo;jamais
bljdvFfVzFYBk;ga5Vc0GOVtSNg;jamais
bljdvFfVzFYBk;ga5EltwHBOBQU;trèsbien
bljdvFfVzFYBk;gah.mK60Bw7Uc;trèsbien
bljdvFfVzFYBk;gasXITehXbKB2;trèsbien
bljdvFfVzFYBk;gaS287CQsId9A;jamais
bljdvFfVzFYBk;ga7TsHlSu8F3E;bien
bljdvFfVzFYBk;gaMuBC24u6.OI;jamais
bljdvFfVzFYBk;gaIaf9hDfd9gY;bien
bljdvFfVzFYBk;gahs//jVoG4cA;jamais
bljdvFfVzFYBk;gaa9XQsW7lnKs;bien
bljdvFfVzFYBk;gay0.j6cCUFM.;jamais
bljdvFfVzFYBk;gazuii0BJkiyo;jamais
bljdvFfVzFYBk;gaw2dFU/DFhQo;jamais
bljdvFfVzFYBk;gagPvY7s.SWm6;bien
bljdvFfVzFYBk;gaeXK.Q3eGe9s;bien
bljdvFfVzFYBk;gaPCImsLz2otk;bien
bljdvFfVzFYBk;gaC6WQ.f7kKQc;jamais
bljdvFfVzFYBk;gatgLz1yg7ZAg;jamais
bljdvFfVzFYBk;gadWf2MSlDtE6;jamais
bljdvFfVzFYBk;gas6sO.iWXEqI;jamais
bllOE3T7MU9nE;gabMkDvkMzVEU;bien
bllOE3T7MU9nE;gaPs4sTL7qV36;bien
bllOE3T7MU9nE;gatgLz1yg7ZAg;bien
bllOE3T7MU9nE;gaDsxXn93fXM.;bien
bllOE3T7MU9nE;gaxRM/r6FWnFA;bien
blleUFdn4IybY;gaqImark5nVDA;jamais
blleUFdn4IybY;gae.ZZuu4G/9c;jamais
blleUFdn4IybY;gaDQkeyfbTL06;jamais
blleUFdn4IybY;gaJy31VwBA4IY;jamais
blleUFdn4IybY;gaEDNoqjupmBw;jamais
blleUFdn4IybY;gaJ6.YOe.5N3U;jamais
blleUFdn4IybY;gaiROloyAFXx.;jamais
blleUFdn4IybY;ga9lgn1/7AQnA;jamais
blleUFdn4IybY;ga5EltwHBOBQU;jamais
blleUFdn4IybY;gaJR.ASLjhozA;jamais
blleUFdn4IybY;gatgLz1yg7ZAg;jamais
blleUFdn4IybY;gasXITehXbKB2;jamais
blleUFdn4IybY;gapanlqrP.sGw;jamais
blleUFdn4IybY;gaeXK.Q3eGe9s;jamais
blleUFdn4IybY;gawAIBKObOA9Q;jamais
blleUFdn4IybY;gah.mK60Bw7Uc;jamais
blleUFdn4IybY;ga9.IDu6EOW8.;jamais
blleUFdn4IybY;ga6FZoRfjLkLA;jamais
blleUFdn4IybY;gaHWwyaX3DFbU;jamais
blleUFdn4IybY;gatfjwrAzu3Fk;jamais
blleUFdn4IybY;gaDsxXn93fXM.;jamais
blleUFdn4IybY;gaMyQ2f79mRhE;jamais
blleUFdn4IybY;gaxRM/r6FWnFA;jamais
blleUFdn4IybY;ga5JTmKLpYzns;jamais
blleUFdn4IybY;gazuii0BJkiyo;trèsbien
blleUFdn4IybY;ga5Vc0GOVtSNg;trèsbien
blleUFdn4IybY;gaIaf9hDfd9gY;trèsbien
blleUFdn4IybY;gagPvY7s.SWm6;trèsbien
blleUFdn4IybY;gaC6WQ.f7kKQc;trèsbien
blleUFdn4IybY;gaF3OM0gfNDHM;trèsbien
blleUFdn4IybY;gavTOkC.twsSQ;trèsbien
blleUFdn4IybY;gaKDoA9vbfogg;trèsbien
blleUFdn4IybY;gaMuBC24u6.OI;jamais
blleUFdn4IybY;gaw2dFU/DFhQo;jamais
blleUFdn4IybY;ga5Vc0GOVtSNg;jamais
blleUFdn4IybY;gaa9XQsW7lnKs;jamais
blleUFdn4IybY;gaZgJ/tt77Xc.;jamais
blleUFdn4IybY;gadWf2MSlDtE6;jamais
blleUFdn4IybY;ga9Mk0z3gDgsw;jamais
blleUFdn4IybY;gaC6WQ.f7kKQc;jamais
blleUFdn4IybY;ga7emFYum9yS2;jamais
blleUFdn4IybY;galS2UFjy/C6s;jamais
blleUFdn4IybY;gas6sO.iWXEqI;jamais
blleUFdn4IybY;gas6sO.iWXEqI;jamais
blleUFdn4IybY;gaS287CQsId9A;jamais
blleUFdn4IybY;gahs//jVoG4cA;jamais
blleUFdn4IybY;gaHsTozEurw6o;jamais
blleUFdn4IybY;gaoCAatnUOVBo;jamais
blleUFdn4IybY;gay0.j6cCUFM.;jamais
blleUFdn4IybY;ga7TsHlSu8F3E;jamais
blleUFdn4IybY;gaPqBcWWrIKsw;jamais
blleUFdn4IybY;gahkvMCZIKolA;jamais
blleUFdn4IybY;gahkvMCZIKolA;jamais
blleUFdn4IybY;gabMkDvkMzVEU;jamais
blleUFdn4IybY;gaW1hkl16kxoI;jamais
blleUFdn4IybY;gaPCImsLz2otk;jamais
blleUFdn4IybY;ga2f3zAu/j5w6;jamais
blleUFdn4IybY;gaA5j/.mtXhMI;jamais
blleUFdn4IybY;ga2tObQKD38MQ;jamais
blleUFdn4IybY;gar6jfri/CX9Q;jamais
blleUFdn4IybY;gafR8A1Cs4Fy2;jamais
blleUFdn4IybY;gaPs4sTL7qV36;jamais
blleUFdn4IybY;gaBb8wAnm8uDo;jamais
blleUFdn4IybY;gawIG8K0tl6Dg;jamais
blleUFdn4IybY;gaEJonk1WE4qU;jamais
blleUFdn4IybY;gakkn4qyveMMg;jamais
blleUFdn4IybY;gakS1t04rwavk;jamais
blleUFdn4IybY;gaBL2hT6mXM7M;jamais
blleUFdn4IybY;gaOI39qNl2RCY;jamais
blleUFdn4IybY;gaxvvLjHn0mEE;jamais
blleUFdn4IybY;ga04b5zeP48qY;jamais
blleUFdn4IybY;ga5Go./f4ADBQ;jamais
blleUFdn4IybY;gaJnYJWP7eDWM;jamais
blleUFdn4IybY;gagAlqup/OJzY;jamais
blmLNmnzoOUT6;gar6jfri/CX9Q;bien
blmLNmnzoOUT6;gaA5j/.mtXhMI;bien
blmLNmnzoOUT6;ga2tObQKD38MQ;bien
blmLNmnzoOUT6;gaJnYJWP7eDWM;bien
blmLNmnzoOUT6;gaEJonk1WE4qU;bien
blmLNmnzoOUT6;gabMkDvkMzVEU;bien
blmLNmnzoOUT6;ga5Vc0GOVtSNg;bien
blmLNmnzoOUT6;gaPs4sTL7qV36;trèsbien
blmLNmnzoOUT6;gaS287CQsId9A;trèsbien
blmLNmnzoOUT6;gafR8A1Cs4Fy2;trèsbien
blmLNmnzoOUT6;gahs//jVoG4cA;trèsbien
blmLNmnzoOUT6;gaBb8wAnm8uDo;trèsbien
blmLNmnzoOUT6;gatgLz1yg7ZAg;trèsbien
bln85uWpKDNjM;gahs//jVoG4cA;trèsbien
bln85uWpKDNjM;gaBb8wAnm8uDo;bien
bln85uWpKDNjM;gaW9pPhevmmAM;bien
bln85uWpKDNjM;gahkvMCZIKolA;bien
bln85uWpKDNjM;gadWf2MSlDtE6;jamais
bln85uWpKDNjM;gaZgJ/tt77Xc.;jamais
bln85uWpKDNjM;ga9Mk0z3gDgsw;jamais
bln85uWpKDNjM;gaC6WQ.f7kKQc;jamais
bln85uWpKDNjM;gahkvMCZIKolA;trèsbien
bln85uWpKDNjM;gagPvY7s.SWm6;trèsbien
bln85uWpKDNjM;gavTOkC.twsSQ;trèsbien
bln85uWpKDNjM;gaiROloyAFXx.;trèsbien
bln85uWpKDNjM;gaS287CQsId9A;trèsbien
bln85uWpKDNjM;gatfjwrAzu3Fk;trèsbien
blnahdfBfYOd.;gaPs4sTL7qV36;trèsbien
blnahdfBfYOd.;gaoCAatnUOVBo;jamais
blnahdfBfYOd.;gas6sO.iWXEqI;jamais
blnahdfBfYOd.;gaBb8wAnm8uDo;jamais
blnahdfBfYOd.;gakkn4qyveMMg;jamais
blnahdfBfYOd.;gaJ6.YOe.5N3U;jamais
blnahdfBfYOd.;ga9lgn1/7AQnA;jamais
blnahdfBfYOd.;galS2UFjy/C6s;jamais
blnahdfBfYOd.;gaC6WQ.f7kKQc;jamais
blnahdfBfYOd.;gazuii0BJkiyo;jamais
blnahdfBfYOd.;gaMuBC24u6.OI;jamais
blnahdfBfYOd.;ga5Vc0GOVtSNg;trèsbien
blnahdfBfYOd.;gar6jfri/CX9Q;bien
blnahdfBfYOd.;gavTOkC.twsSQ;bien
blnahdfBfYOd.;ga7TsHlSu8F3E;bien
blnahdfBfYOd.;ga2tObQKD38MQ;trèsbien
blpJfyKbetUsc;gaIaf9hDfd9gY;jamais
blpJfyKbetUsc;gaxRM/r6FWnFA;trèsbien
blpJfyKbetUsc;gaJy31VwBA4IY;trèsbien
blpJfyKbetUsc;gaHsTozEurw6o;bien
blpJfyKbetUsc;gawAIBKObOA9Q;trèsbien
blpJfyKbetUsc;gaPs4sTL7qV36;trèsbien
blpJfyKbetUsc;ga5Vc0GOVtSNg;jamais
blpJfyKbetUsc;gaMuBC24u6.OI;jamais
blpJfyKbetUsc;ga5Vc0GOVtSNg;jamais
blpJfyKbetUsc;gaw2dFU/DFhQo;jamais
blpJfyKbetUsc;gazuii0BJkiyo;jamais
blpPNI0oxLIG.;gaF3OM0gfNDHM;jamais
blpPNI0oxLIG.;gaPCImsLz2otk;jamais
blpPNI0oxLIG.;ga2f3zAu/j5w6;jamais
blpPNI0oxLIG.;gahqKClKYywnI;jamais
blpPNI0oxLIG.;gaW9pPhevmmAM;jamais
blpPNI0oxLIG.;gasf0Ta/bDyVc;jamais
blpPNI0oxLIG.;gavTOkC.twsSQ;jamais
blpPNI0oxLIG.;gaA5j/.mtXhMI;jamais
blpPNI0oxLIG.;gar6jfri/CX9Q;jamais
blpPNI0oxLIG.;gafR8A1Cs4Fy2;jamais
blpPNI0oxLIG.;gaBb8wAnm8uDo;jamais
blpPNI0oxLIG.;gawIG8K0tl6Dg;jamais
blpPNI0oxLIG.;gaEJonk1WE4qU;jamais
blpPNI0oxLIG.;gakkn4qyveMMg;jamais
blpPNI0oxLIG.;gakS1t04rwavk;jamais
blpPNI0oxLIG.;gaBL2hT6mXM7M;jamais
blpPNI0oxLIG.;gaOI39qNl2RCY;jamais
blpPNI0oxLIG.;gaxvvLjHn0mEE;jamais
blpPNI0oxLIG.;ga04b5zeP48qY;jamais
blpPNI0oxLIG.;ga.vTZVmBFaC.;jamais
blpPNI0oxLIG.;ga5Go./f4ADBQ;jamais
blpPNI0oxLIG.;gaJnYJWP7eDWM;jamais
blpPNI0oxLIG.;gagAlqup/OJzY;jamais
blpPNI0oxLIG.;gasXITehXbKB2;jamais
blpPNI0oxLIG.;gaKDoA9vbfogg;jamais
blpPNI0oxLIG.;gapanlqrP.sGw;jamais
blpPNI0oxLIG.;gaeXK.Q3eGe9s;jamais
blpPNI0oxLIG.;gawAIBKObOA9Q;jamais
blpPNI0oxLIG.;gah.mK60Bw7Uc;jamais
blpPNI0oxLIG.;ga9.IDu6EOW8.;jamais
blpPNI0oxLIG.;ga6FZoRfjLkLA;jamais
blpPNI0oxLIG.;gaHWwyaX3DFbU;jamais
blpPNI0oxLIG.;gatfjwrAzu3Fk;jamais
blpPNI0oxLIG.;gaDsxXn93fXM.;jamais
blpPNI0oxLIG.;gaxRM/r6FWnFA;jamais
blpPNI0oxLIG.;gaqImark5nVDA;jamais
blpPNI0oxLIG.;ga5JTmKLpYzns;jamais
blpPNI0oxLIG.;gae.ZZuu4G/9c;jamais
blpPNI0oxLIG.;gaDQkeyfbTL06;jamais
blpPNI0oxLIG.;gaJy31VwBA4IY;jamais
blpPNI0oxLIG.;gaEDNoqjupmBw;jamais
blpPNI0oxLIG.;gaJ6.YOe.5N3U;jamais
blpPNI0oxLIG.;gapSBAAD6KAGM;jamais
blpPNI0oxLIG.;gahiBM5NWYYWc;jamais
blpPNI0oxLIG.;gaYguZ2lOwGz2;jamais
blpPNI0oxLIG.;gaDjbE9eBtA1k;jamais
blpPNI0oxLIG.;ga1ohIKbe4v9Y;jamais
blpPNI0oxLIG.;ga9lgn1/7AQnA;jamais
blpPNI0oxLIG.;gaJR.ASLjhozA;jamais
blpPNI0oxLIG.;gatgLz1yg7ZAg;jamais
blpPNI0oxLIG.;gas6sO.iWXEqI;jamais
blpPNI0oxLIG.;gas6sO.iWXEqI;jamais
blpPNI0oxLIG.;galS2UFjy/C6s;jamais
blpPNI0oxLIG.;ga7emFYum9yS2;jamais
blpPNI0oxLIG.;gaC6WQ.f7kKQc;jamais
blpPNI0oxLIG.;gaC6WQ.f7kKQc;jamais
blpPNI0oxLIG.;gagPvY7s.SWm6;jamais
blpPNI0oxLIG.;ga9Mk0z3gDgsw;jamais
blpPNI0oxLIG.;gadWf2MSlDtE6;jamais
blpPNI0oxLIG.;gaZgJ/tt77Xc.;jamais
blpPNI0oxLIG.;gaa9XQsW7lnKs;jamais
blpPNI0oxLIG.;gaIaf9hDfd9gY;jamais
blpPNI0oxLIG.;ga5Vc0GOVtSNg;jamais
blpPNI0oxLIG.;gaw2dFU/DFhQo;jamais
blpPNI0oxLIG.;gazuii0BJkiyo;jamais
blpPNI0oxLIG.;gaMuBC24u6.OI;jamais
blpPNI0oxLIG.;ga5Vc0GOVtSNg;bien
blpPNI0oxLIG.;ga2tObQKD38MQ;bien
blpPNI0oxLIG.;gaPs4sTL7qV36;bien
blpPNI0oxLIG.;gaMyQ2f79mRhE;trèsbien
blpPNI0oxLIG.;gahkvMCZIKolA;jamais
blpPNI0oxLIG.;gahkvMCZIKolA;jamais
blpPNI0oxLIG.;gabMkDvkMzVEU;jamais
blpPNI0oxLIG.;gaW1hkl16kxoI;jamais
blpPNI0oxLIG.;gaPqBcWWrIKsw;jamais
blpPNI0oxLIG.;ga/mLSm4ai/6g;jamais
blpPNI0oxLIG.;ga7TsHlSu8F3E;jamais
blpPNI0oxLIG.;gay0.j6cCUFM.;jamais
blpPNI0oxLIG.;gaoCAatnUOVBo;jamais
blpPNI0oxLIG.;gaHsTozEurw6o;jamais
blpPNI0oxLIG.;gahs//jVoG4cA;jamais
blpPNI0oxLIG.;gaS287CQsId9A;jamais
blpPNI0oxLIG.;gaiROloyAFXx.;jamais
blpPNI0oxLIG.;ga5EltwHBOBQU;jamais
bltZdophgVNQ2;gabMkDvkMzVEU;trèsbien
bltZdophgVNQ2;gaw2dFU/DFhQo;bien
bltZdophgVNQ2;gahkvMCZIKolA;bien
bltZdophgVNQ2;ga2tObQKD38MQ;bien
bltZdophgVNQ2;gaDQkeyfbTL06;bien
bltZdophgVNQ2;gaPCImsLz2otk;jamais
bltZdophgVNQ2;gaW1hkl16kxoI;jamais
bltZdophgVNQ2;ga5EltwHBOBQU;jamais
bltZdophgVNQ2;gaIaf9hDfd9gY;jamais
bltZdophgVNQ2;galS2UFjy/C6s;jamais
bltppVKeGreVc;gaw2dFU/DFhQo;trèsbien
bltppVKeGreVc;gaDjbE9eBtA1k;jamais
bltppVKeGreVc;gaYguZ2lOwGz2;jamais
bltppVKeGreVc;gahiBM5NWYYWc;jamais
bltppVKeGreVc;gapSBAAD6KAGM;jamais
bltppVKeGreVc;gaJ6.YOe.5N3U;jamais
bltppVKeGreVc;gaEDNoqjupmBw;jamais
bltppVKeGreVc;gaJy31VwBA4IY;jamais
bltppVKeGreVc;gaDQkeyfbTL06;jamais
bltppVKeGreVc;gae.ZZuu4G/9c;jamais
bltppVKeGreVc;gaqImark5nVDA;jamais
bltppVKeGreVc;gaxRM/r6FWnFA;jamais
bltppVKeGreVc;gaMyQ2f79mRhE;jamais
bltppVKeGreVc;ga9.IDu6EOW8.;jamais
bltppVKeGreVc;gah.mK60Bw7Uc;jamais
bltppVKeGreVc;gawAIBKObOA9Q;jamais
bltppVKeGreVc;gaeXK.Q3eGe9s;jamais
bltppVKeGreVc;gasXITehXbKB2;jamais
bltppVKeGreVc;ga.vTZVmBFaC.;jamais
bltppVKeGreVc;ga04b5zeP48qY;jamais
bltppVKeGreVc;gaxvvLjHn0mEE;jamais
bltppVKeGreVc;gaBL2hT6mXM7M;jamais
bltppVKeGreVc;gakS1t04rwavk;jamais
bltppVKeGreVc;gakkn4qyveMMg;jamais
bltppVKeGreVc;gawIG8K0tl6Dg;jamais
bltppVKeGreVc;gaPs4sTL7qV36;jamais
bltppVKeGreVc;gafR8A1Cs4Fy2;jamais
bltppVKeGreVc;gavTOkC.twsSQ;jamais
bltppVKeGreVc;gaPCImsLz2otk;jamais
bltppVKeGreVc;gaF3OM0gfNDHM;jamais
bltppVKeGreVc;gaW1hkl16kxoI;jamais
bltppVKeGreVc;gahkvMCZIKolA;jamais
bltppVKeGreVc;gahkvMCZIKolA;jamais
bltppVKeGreVc;gaPqBcWWrIKsw;jamais
bltppVKeGreVc;ga7TsHlSu8F3E;jamais
bltppVKeGreVc;ga5EltwHBOBQU;jamais
bltppVKeGreVc;ga9Mk0z3gDgsw;jamais
bltppVKeGreVc;gaIaf9hDfd9gY;jamais
bltppVKeGreVc;ga5JTmKLpYzns;bien
bltppVKeGreVc;gaDsxXn93fXM.;bien
bltppVKeGreVc;gatfjwrAzu3Fk;bien
bltppVKeGreVc;gaHWwyaX3DFbU;bien
bltppVKeGreVc;ga6FZoRfjLkLA;bien
bltppVKeGreVc;gapanlqrP.sGw;bien
bltppVKeGreVc;gagAlqup/OJzY;bien
bltppVKeGreVc;gaJnYJWP7eDWM;bien
bltppVKeGreVc;ga5Go./f4ADBQ;bien
bltppVKeGreVc;gaA5j/.mtXhMI;bien
bltppVKeGreVc;ga2f3zAu/j5w6;bien
bltppVKeGreVc;gabMkDvkMzVEU;bien
bltppVKeGreVc;ga/mLSm4ai/6g;bien
bltppVKeGreVc;gaoCAatnUOVBo;bien
bltppVKeGreVc;gatgLz1yg7ZAg;bien
bltppVKeGreVc;gas6sO.iWXEqI;bien
bltppVKeGreVc;gas6sO.iWXEqI;bien
bltppVKeGreVc;galS2UFjy/C6s;bien
bltppVKeGreVc;gaC6WQ.f7kKQc;bien
bltppVKeGreVc;ga7emFYum9yS2;bien
bltppVKeGreVc;gaC6WQ.f7kKQc;bien
bltppVKeGreVc;gaZgJ/tt77Xc.;bien
bltppVKeGreVc;gaa9XQsW7lnKs;bien
bltppVKeGreVc;gaKDoA9vbfogg;trèsbien
bltppVKeGreVc;gaOI39qNl2RCY;trèsbien
bltppVKeGreVc;gaEJonk1WE4qU;trèsbien
bltppVKeGreVc;gaBb8wAnm8uDo;trèsbien
bltppVKeGreVc;gar6jfri/CX9Q;trèsbien
bltppVKeGreVc;ga2tObQKD38MQ;trèsbien
bltppVKeGreVc;gaHsTozEurw6o;trèsbien
bltppVKeGreVc;gay0.j6cCUFM.;trèsbien
bltppVKeGreVc;gahs//jVoG4cA;trèsbien
bltppVKeGreVc;gaS287CQsId9A;trèsbien
bltppVKeGreVc;gaiROloyAFXx.;trèsbien
bltppVKeGreVc;ga9lgn1/7AQnA;trèsbien
bltppVKeGreVc;gaJR.ASLjhozA;trèsbien
bltppVKeGreVc;gagPvY7s.SWm6;trèsbien
bltppVKeGreVc;gadWf2MSlDtE6;trèsbien
bltppVKeGreVc;ga5Vc0GOVtSNg;trèsbien
bltppVKeGreVc;ga5Vc0GOVtSNg;trèsbien
bltppVKeGreVc;gaMuBC24u6.OI;trèsbien
bltppVKeGreVc;gazuii0BJkiyo;trèsbien
bltsUkerTn/gA;gaC6WQ.f7kKQc;trèsbien
bltsUkerTn/gA;gaC6WQ.f7kKQc;trèsbien
bltsUkerTn/gA;ga7emFYum9yS2;trèsbien
bluruT/sOvVm6;gahkvMCZIKolA;jamais
bluruT/sOvVm6;gahkvMCZIKolA;jamais
bluruT/sOvVm6;gaPqBcWWrIKsw;jamais
bluruT/sOvVm6;gaW1hkl16kxoI;jamais
bluruT/sOvVm6;gaF3OM0gfNDHM;jamais
bluruT/sOvVm6;gaPCImsLz2otk;jamais
bluruT/sOvVm6;ga2f3zAu/j5w6;jamais
bluruT/sOvVm6;gavTOkC.twsSQ;jamais
bluruT/sOvVm6;gakkn4qyveMMg;jamais
bluruT/sOvVm6;gakS1t04rwavk;jamais
bluruT/sOvVm6;gaBL2hT6mXM7M;jamais
bluruT/sOvVm6;gaOI39qNl2RCY;jamais
bluruT/sOvVm6;gaxvvLjHn0mEE;jamais
bluruT/sOvVm6;ga04b5zeP48qY;jamais
bluruT/sOvVm6;gaw2dFU/DFhQo;jamais
bluruT/sOvVm6;gaMuBC24u6.OI;jamais
bluruT/sOvVm6;gaJy31VwBA4IY;bien
bluruT/sOvVm6;gae.ZZuu4G/9c;bien
bluruT/sOvVm6;gaMyQ2f79mRhE;bien
bluruT/sOvVm6;gatfjwrAzu3Fk;bien
bluruT/sOvVm6;gawAIBKObOA9Q;bien
bluruT/sOvVm6;gaeXK.Q3eGe9s;bien
bluruT/sOvVm6;gawIG8K0tl6Dg;bien
bluruT/sOvVm6;gas6sO.iWXEqI;jamais
bluruT/sOvVm6;ga5EltwHBOBQU;jamais
bluruT/sOvVm6;gaiROloyAFXx.;jamais
bluruT/sOvVm6;ga9lgn1/7AQnA;jamais
bluruT/sOvVm6;gar6jfri/CX9Q;bien
bluruT/sOvVm6;gaA5j/.mtXhMI;bien
bluruT/sOvVm6;gabMkDvkMzVEU;bien
bluruT/sOvVm6;gahs//jVoG4cA;bien
bluruT/sOvVm6;gaJR.ASLjhozA;bien
bluruT/sOvVm6;gaC6WQ.f7kKQc;bien
bluruT/sOvVm6;ga7emFYum9yS2;bien
bluruT/sOvVm6;ga5Vc0GOVtSNg;bien
bluruT/sOvVm6;gaxRM/r6FWnFA;trèsbien
bluruT/sOvVm6;gaDsxXn93fXM.;trèsbien
bluruT/sOvVm6;gatgLz1yg7ZAg;trèsbien
bluruT/sOvVm6;gagPvY7s.SWm6;trèsbien
bluruT/sOvVm6;gadWf2MSlDtE6;trèsbien
bluruT/sOvVm6;ga5Vc0GOVtSNg;trèsbien
bluruT/sOvVm6;gazuii0BJkiyo;trèsbien
bluruT/sOvVm6;gaEJonk1WE4qU;trèsbien
bluruT/sOvVm6;gafR8A1Cs4Fy2;trèsbien
bluruT/sOvVm6;gaBb8wAnm8uDo;trèsbien
bluruT/sOvVm6;gaPs4sTL7qV36;trèsbien
bluruT/sOvVm6;ga2tObQKD38MQ;trèsbien
bluruT/sOvVm6;ga5Go./f4ADBQ;jamais
bluruT/sOvVm6;gaJnYJWP7eDWM;jamais
bluruT/sOvVm6;gagAlqup/OJzY;jamais
bluruT/sOvVm6;gasXITehXbKB2;jamais
bluruT/sOvVm6;gaKDoA9vbfogg;jamais
bluruT/sOvVm6;gapanlqrP.sGw;jamais
bluruT/sOvVm6;gah.mK60Bw7Uc;jamais
bluruT/sOvVm6;ga9.IDu6EOW8.;jamais
bluruT/sOvVm6;ga6FZoRfjLkLA;jamais
bluruT/sOvVm6;gaHWwyaX3DFbU;jamais
bluruT/sOvVm6;gaqImark5nVDA;jamais
bluruT/sOvVm6;ga5JTmKLpYzns;jamais
bluruT/sOvVm6;gaYguZ2lOwGz2;jamais
bluruT/sOvVm6;gaDQkeyfbTL06;jamais
bluruT/sOvVm6;gaEDNoqjupmBw;jamais
bluruT/sOvVm6;gaJ6.YOe.5N3U;jamais
bluruT/sOvVm6;gaS287CQsId9A;jamais
bluruT/sOvVm6;gaHsTozEurw6o;jamais
bluruT/sOvVm6;gapSBAAD6KAGM;jamais
bluruT/sOvVm6;gaoCAatnUOVBo;jamais
bluruT/sOvVm6;gaDjbE9eBtA1k;jamais
bluruT/sOvVm6;gahiBM5NWYYWc;jamais
bluruT/sOvVm6;gaIaf9hDfd9gY;jamais
bluruT/sOvVm6;gaa9XQsW7lnKs;jamais
bluruT/sOvVm6;gaZgJ/tt77Xc.;jamais
bluruT/sOvVm6;ga9Mk0z3gDgsw;jamais
bluruT/sOvVm6;gaC6WQ.f7kKQc;jamais
bluruT/sOvVm6;gas6sO.iWXEqI;jamais
bluruT/sOvVm6;galS2UFjy/C6s;jamais
bluruT/sOvVm6;gay0.j6cCUFM.;jamais
bluruT/sOvVm6;ga7TsHlSu8F3E;jamais
bluwV0aELRqFQ;gasXITehXbKB2;jamais
bluwV0aELRqFQ;gaF3OM0gfNDHM;trèsbien
bluwV0aELRqFQ;gaHsTozEurw6o;trèsbien
bluwV0aELRqFQ;ga7TsHlSu8F3E;trèsbien
bluwV0aELRqFQ;gaMuBC24u6.OI;jamais
bluwV0aELRqFQ;gazuii0BJkiyo;jamais
bluwV0aELRqFQ;gaw2dFU/DFhQo;jamais
bluwV0aELRqFQ;ga5Vc0GOVtSNg;jamais
bluwV0aELRqFQ;gaIaf9hDfd9gY;jamais
bluwV0aELRqFQ;ga5Vc0GOVtSNg;jamais
bluwV0aELRqFQ;gaa9XQsW7lnKs;jamais
bluwV0aELRqFQ;gaZgJ/tt77Xc.;jamais
bluwV0aELRqFQ;gadWf2MSlDtE6;jamais
bluwV0aELRqFQ;ga9Mk0z3gDgsw;jamais
bluwV0aELRqFQ;gagPvY7s.SWm6;jamais
bluwV0aELRqFQ;gaC6WQ.f7kKQc;jamais
bluwV0aELRqFQ;ga7emFYum9yS2;jamais
bluwV0aELRqFQ;galS2UFjy/C6s;jamais
bluwV0aELRqFQ;gas6sO.iWXEqI;jamais
bluwV0aELRqFQ;gas6sO.iWXEqI;jamais
bluwV0aELRqFQ;gatgLz1yg7ZAg;jamais
bluwV0aELRqFQ;gaJR.ASLjhozA;jamais
bluwV0aELRqFQ;ga5EltwHBOBQU;jamais
bluwV0aELRqFQ;ga9lgn1/7AQnA;jamais
bluwV0aELRqFQ;gaiROloyAFXx.;jamais
bluwV0aELRqFQ;gaS287CQsId9A;jamais
bluwV0aELRqFQ;gahs//jVoG4cA;jamais
bluwV0aELRqFQ;gaoCAatnUOVBo;jamais
bluwV0aELRqFQ;gay0.j6cCUFM.;jamais
bluwV0aELRqFQ;ga/mLSm4ai/6g;jamais
bluwV0aELRqFQ;gaPqBcWWrIKsw;jamais
bluwV0aELRqFQ;gahkvMCZIKolA;jamais
bluwV0aELRqFQ;gabMkDvkMzVEU;jamais
bluwV0aELRqFQ;gaW1hkl16kxoI;jamais
bluwV0aELRqFQ;gaPCImsLz2otk;jamais
bluwV0aELRqFQ;ga2f3zAu/j5w6;jamais
bluwV0aELRqFQ;gahqKClKYywnI;jamais
bluwV0aELRqFQ;gaW9pPhevmmAM;jamais
bluwV0aELRqFQ;gasf0Ta/bDyVc;jamais
bluwV0aELRqFQ;gavTOkC.twsSQ;jamais
bluwV0aELRqFQ;gafR8A1Cs4Fy2;jamais
bluwV0aELRqFQ;gaPs4sTL7qV36;jamais
bluwV0aELRqFQ;gaBb8wAnm8uDo;jamais
bluwV0aELRqFQ;gawIG8K0tl6Dg;jamais
bluwV0aELRqFQ;gaEJonk1WE4qU;jamais
bluwV0aELRqFQ;gakkn4qyveMMg;jamais
bluwV0aELRqFQ;gakS1t04rwavk;jamais
bluwV0aELRqFQ;gaBL2hT6mXM7M;jamais
bluwV0aELRqFQ;gaOI39qNl2RCY;jamais
bluwV0aELRqFQ;gaxvvLjHn0mEE;jamais
bluwV0aELRqFQ;ga04b5zeP48qY;jamais
bluwV0aELRqFQ;ga.vTZVmBFaC.;jamais
bluwV0aELRqFQ;ga5Go./f4ADBQ;jamais
bluwV0aELRqFQ;gaJnYJWP7eDWM;jamais
bluwV0aELRqFQ;gagAlqup/OJzY;jamais
bluwV0aELRqFQ;gaKDoA9vbfogg;jamais
bluwV0aELRqFQ;gapanlqrP.sGw;jamais
bluwV0aELRqFQ;gaeXK.Q3eGe9s;jamais
bluwV0aELRqFQ;gawAIBKObOA9Q;jamais
bluwV0aELRqFQ;gah.mK60Bw7Uc;jamais
bluwV0aELRqFQ;ga9.IDu6EOW8.;jamais
bluwV0aELRqFQ;ga6FZoRfjLkLA;jamais
bluwV0aELRqFQ;gaHWwyaX3DFbU;jamais
bluwV0aELRqFQ;gatfjwrAzu3Fk;jamais
bluwV0aELRqFQ;gaDsxXn93fXM.;jamais
bluwV0aELRqFQ;gaMyQ2f79mRhE;jamais
bluwV0aELRqFQ;gaxRM/r6FWnFA;jamais
bluwV0aELRqFQ;gaqImark5nVDA;jamais
bluwV0aELRqFQ;ga5JTmKLpYzns;jamais
bluwV0aELRqFQ;gae.ZZuu4G/9c;jamais
bluwV0aELRqFQ;gaJy31VwBA4IY;jamais
bluwV0aELRqFQ;gaEDNoqjupmBw;jamais
bluwV0aELRqFQ;gaJ6.YOe.5N3U;jamais
bluwV0aELRqFQ;gapSBAAD6KAGM;jamais
bluwV0aELRqFQ;gahiBM5NWYYWc;jamais
bluwV0aELRqFQ;gaYguZ2lOwGz2;jamais
bluwV0aELRqFQ;gaDjbE9eBtA1k;jamais
bluwV0aELRqFQ;ga1ohIKbe4v9Y;jamais
bluwV0aELRqFQ;gaDQkeyfbTL06;bien
bluwV0aELRqFQ;ga2tObQKD38MQ;bien
bluwV0aELRqFQ;gahkvMCZIKolA;bien
bluwV0aELRqFQ;gaC6WQ.f7kKQc;bien
blvqKhCDhQab.;gabMkDvkMzVEU;trèsbien
blvqKhCDhQab.;gaJR.ASLjhozA;bien
blvqKhCDhQab.;gaC6WQ.f7kKQc;trèsbien
blvqKhCDhQab.;ga7emFYum9yS2;trèsbien
blvqKhCDhQab.;gaeXK.Q3eGe9s;bien
blvqKhCDhQab.;ga5Vc0GOVtSNg;bien
blvqKhCDhQab.;gadWf2MSlDtE6;jamais
blvqKhCDhQab.;gaJnYJWP7eDWM;jamais
blvqKhCDhQab.;gae.ZZuu4G/9c;bien
blvqKhCDhQab.;gawAIBKObOA9Q;jamais
blvqKhCDhQab.;gagAlqup/OJzY;bien
blvqKhCDhQab.;gaC6WQ.f7kKQc;bien
blvqKhCDhQab.;ga2f3zAu/j5w6;bien
blvqKhCDhQab.;gaPCImsLz2otk;bien
blwyn40XjgvEs;gaw2dFU/DFhQo;jamais
blwyn40XjgvEs;galS2UFjy/C6s;trèsbien
blwyn40XjgvEs;ga5Vc0GOVtSNg;jamais
blwyn40XjgvEs;gaIaf9hDfd9gY;jamais
blwyn40XjgvEs;ga5Vc0GOVtSNg;jamais
blwyn40XjgvEs;gaJy31VwBA4IY;trèsbien
blwyn40XjgvEs;gaPCImsLz2otk;trèsbien
blwyn40XjgvEs;gabMkDvkMzVEU;bien
blwyn40XjgvEs;gatgLz1yg7ZAg;bien
blwyn40XjgvEs;gaMuBC24u6.OI;jamais
blwyn40XjgvEs;gazuii0BJkiyo;jamais
bly3Oqsvf6WlU;gaZgJ/tt77Xc.;jamais
bly3Oqsvf6WlU;ga9Mk0z3gDgsw;jamais
bly3Oqsvf6WlU;gagPvY7s.SWm6;jamais
bly3Oqsvf6WlU;galS2UFjy/C6s;jamais
bly3Oqsvf6WlU;gas6sO.iWXEqI;jamais
bly3Oqsvf6WlU;gas6sO.iWXEqI;jamais
bly3Oqsvf6WlU;gaoCAatnUOVBo;jamais
bly3Oqsvf6WlU;gay0.j6cCUFM.;jamais
bly3Oqsvf6WlU;gaDQkeyfbTL06;jamais
bly3Oqsvf6WlU;gae.ZZuu4G/9c;jamais
bly3Oqsvf6WlU;gaJy31VwBA4IY;jamais
bly3Oqsvf6WlU;gaEDNoqjupmBw;jamais
bly3Oqsvf6WlU;gaJ6.YOe.5N3U;jamais
bly3Oqsvf6WlU;gapSBAAD6KAGM;jamais
bly3Oqsvf6WlU;gahiBM5NWYYWc;jamais
bly3Oqsvf6WlU;gaYguZ2lOwGz2;jamais
bly3Oqsvf6WlU;gaDjbE9eBtA1k;jamais
bly3Oqsvf6WlU;gaMuBC24u6.OI;bien
bly3Oqsvf6WlU;gazuii0BJkiyo;bien
bly3Oqsvf6WlU;gaw2dFU/DFhQo;bien
bly3Oqsvf6WlU;ga5Vc0GOVtSNg;bien
bly3Oqsvf6WlU;gaIaf9hDfd9gY;bien
bly3Oqsvf6WlU;ga5Vc0GOVtSNg;bien
bly3Oqsvf6WlU;gaC6WQ.f7kKQc;bien
bly3Oqsvf6WlU;gaC6WQ.f7kKQc;bien
bly3Oqsvf6WlU;ga7emFYum9yS2;bien
bly3Oqsvf6WlU;gatgLz1yg7ZAg;bien
bly3Oqsvf6WlU;gaW1hkl16kxoI;bien
bly3Oqsvf6WlU;gaF3OM0gfNDHM;bien
bly3Oqsvf6WlU;gahkvMCZIKolA;bien
bly3Oqsvf6WlU;gahkvMCZIKolA;bien
bly3Oqsvf6WlU;gaPs4sTL7qV36;bien
bly3Oqsvf6WlU;gaBb8wAnm8uDo;bien
bly3Oqsvf6WlU;ga5EltwHBOBQU;bien
bly3Oqsvf6WlU;gaPqBcWWrIKsw;bien
bly3Oqsvf6WlU;gabMkDvkMzVEU;bien
bly3Oqsvf6WlU;gaHsTozEurw6o;bien
bly3Oqsvf6WlU;ga9lgn1/7AQnA;trèsbien
bly3Oqsvf6WlU;gaiROloyAFXx.;trèsbien
bly3Oqsvf6WlU;gaS287CQsId9A;trèsbien
bly3Oqsvf6WlU;gahs//jVoG4cA;trèsbien
bly3Oqsvf6WlU;ga7TsHlSu8F3E;trèsbien
bly3Oqsvf6WlU;gar6jfri/CX9Q;trèsbien
bly3Oqsvf6WlU;ga2tObQKD38MQ;trèsbien
bly3Oqsvf6WlU;gapanlqrP.sGw;jamais
bly3Oqsvf6WlU;gaa9XQsW7lnKs;jamais
bly3Oqsvf6WlU;gadWf2MSlDtE6;jamais
bly3Oqsvf6WlU;gavTOkC.twsSQ;jamais
bly3Oqsvf6WlU;gaA5j/.mtXhMI;jamais
bly3Oqsvf6WlU;gawIG8K0tl6Dg;jamais
bly3Oqsvf6WlU;gaEJonk1WE4qU;jamais
bly3Oqsvf6WlU;gakkn4qyveMMg;jamais
bly3Oqsvf6WlU;gakS1t04rwavk;jamais
bly3Oqsvf6WlU;gaBL2hT6mXM7M;jamais
bly3Oqsvf6WlU;ga5Go./f4ADBQ;jamais
bly3Oqsvf6WlU;gaJnYJWP7eDWM;jamais
bly3Oqsvf6WlU;gagAlqup/OJzY;jamais
bly3Oqsvf6WlU;gasXITehXbKB2;jamais
bly3Oqsvf6WlU;gaKDoA9vbfogg;jamais
bly3Oqsvf6WlU;gaeXK.Q3eGe9s;jamais
bly3Oqsvf6WlU;gawAIBKObOA9Q;jamais
bly3Oqsvf6WlU;gah.mK60Bw7Uc;jamais
bly3Oqsvf6WlU;ga6FZoRfjLkLA;jamais
bly3Oqsvf6WlU;gaqImark5nVDA;jamais
bly3Oqsvf6WlU;ga5JTmKLpYzns;jamais
bly69tf4z1FiM;ga04b5zeP48qY;jamais
bly69tf4z1FiM;gah.mK60Bw7Uc;jamais
bly69tf4z1FiM;ga9.IDu6EOW8.;jamais
bly69tf4z1FiM;gaEDNoqjupmBw;jamais
bly69tf4z1FiM;gaJ6.YOe.5N3U;jamais
bly69tf4z1FiM;gapSBAAD6KAGM;jamais
bly69tf4z1FiM;gaPCImsLz2otk;trèsbien
bly69tf4z1FiM;gaDQkeyfbTL06;trèsbien
bly69tf4z1FiM;gaIaf9hDfd9gY;bien
bly69tf4z1FiM;ga7TsHlSu8F3E;bien
bly69tf4z1FiM;gahkvMCZIKolA;bien
bly69tf4z1FiM;ga9Mk0z3gDgsw;jamais
bly69tf4z1FiM;ga5EltwHBOBQU;jamais
bly69tf4z1FiM;gaW1hkl16kxoI;jamais
bly69tf4z1FiM;gaF3OM0gfNDHM;jamais
blzon470EHguA;gaPqBcWWrIKsw;bien
blzon470EHguA;gahs//jVoG4cA;bien
blzon470EHguA;gar6jfri/CX9Q;trèsbien
blzon470EHguA;ga2tObQKD38MQ;trèsbien
blzon470EHguA;gatgLz1yg7ZAg;trèsbien
blzon470EHguA;gaC6WQ.f7kKQc;trèsbien
blzon470EHguA;gagAlqup/OJzY;bien
blzon470EHguA;gaJnYJWP7eDWM;bien
blzon470EHguA;gaJy31VwBA4IY;jamais
blzon470EHguA;gafR8A1Cs4Fy2;bien
blzon470EHguA;gaxvvLjHn0mEE;jamais
blzon470EHguA;gawIG8K0tl6Dg;jamais
blzon470EHguA;gaW1hkl16kxoI;jamais
blzon470EHguA;ga7TsHlSu8F3E;jamais
blzon470EHguA;gaoCAatnUOVBo;jamais
blzon470EHguA;gaS287CQsId9A;jamais
blzon470EHguA;gaiROloyAFXx.;jamais
blzon470EHguA;gaJR.ASLjhozA;jamais
blzon470EHguA;galS2UFjy/C6s;jamais
blzon470EHguA;gaa9XQsW7lnKs;jamais
blzon470EHguA;gaMyQ2f79mRhE;bien
blzon470EHguA;gaC6WQ.f7kKQc;trèsbien
blzon470EHguA;gagPvY7s.SWm6;trèsbien
blzon470EHguA;gaw2dFU/DFhQo;trèsbien
